NOC,Year,Bronze,Gold,Silver,Ranking,Delegation,Total,Total Ponderado,Host
USA,1896,2,11,6,1,27,19,47,0
GRE,1896,17,10,17,2,148,44,81,1
GER,1896,2,7,5,3,94,14,33,0
FRA,1896,2,5,4,4,26,11,25,0
GBR,1896,3,3,3,5,25,9,18,0
HUN,1896,3,2,1,6,18,6,11,0
AUT,1896,2,2,1,7,8,5,10,0
AUS,1896,1,2,0,8,5,3,7,0
DEN,1896,3,1,2,9,15,6,10,0
SUI,1896,0,1,2,10,8,3,7,0
FRA,1900,34,28,40,1,1071,102,198,1
USA,1900,17,21,16,2,135,54,112,0
GBR,1900,12,19,11,3,146,42,91,0
BEL,1900,5,6,7,4,100,18,37,0
SUI,1900,1,6,2,5,52,9,23,0
GER,1900,1,4,3,6,103,8,19,0
ITA,1900,0,3,2,7,36,5,13,0
AUS,1900,3,3,0,8,6,6,12,0
DEN,1900,2,2,3,9,36,7,14,0
NED,1900,4,1,2,10,73,7,11,0
HUN,1900,2,1,2,11,34,5,9,0
CUB,1900,0,1,1,12,2,2,5,0
CAN,1900,1,1,0,13,7,2,4,0
SWE,1900,1,1,0,14,27,2,4,0
ESP,1900,0,1,0,15,12,1,3,0
HAI,1900,0,1,0,16,4,1,3,0
LUX,1900,0,1,0,17,1,1,3,0
NZL,1900,0,1,0,18,1,1,3,0
AUT,1900,3,0,3,19,26,6,9,0
NOR,1900,3,0,2,20,29,5,7,0
IND,1900,0,0,2,21,5,2,4,0
BOH,1900,2,0,1,22,9,3,4,0
COL,1900,0,0,1,23,1,1,2,0
MEX,1900,1,0,0,24,3,1,1,0
USA,1904,75,76,79,1,1109,230,461,1
GER,1904,7,4,5,2,55,16,29,0
CAN,1904,1,4,1,3,61,6,15,0
CUB,1904,0,4,0,4,6,4,12,0
AUT,1904,1,2,1,5,7,4,9,0
HUN,1904,1,2,1,6,9,4,9,0
NOR,1904,0,2,0,7,6,2,6,0
GBR,1904,0,1,1,8,6,2,5,0
SUI,1904,2,1,0,9,7,3,5,0
GRE,1904,1,1,0,10,17,2,4,0
AUS,1904,1,0,3,11,6,4,7,0
FRA,1904,0,0,2,12,2,2,4,0
GBR,1908,37,56,50,1,972,143,305,1
USA,1908,12,22,12,2,219,46,102,0
SWE,1908,11,8,6,3,276,25,47,0
FRA,1908,9,5,5,4,319,19,34,0
GER,1908,5,3,5,5,148,13,24,0
HUN,1908,2,3,4,6,107,9,19,0
CAN,1908,10,3,3,7,148,16,25,0
NOR,1908,3,2,3,8,103,8,15,0
ITA,1908,0,2,2,9,97,4,10,0
BEL,1908,2,1,5,10,99,8,15,0
ANZ,1908,2,1,2,11,48,5,9,0
RUS,1908,0,1,2,12,7,3,7,0
FIN,1908,3,1,1,13,94,5,8,0
RSA,1908,0,1,1,14,33,2,5,0
GRE,1908,1,0,3,15,49,4,7,0
DEN,1908,3,0,2,16,107,5,7,0
BOH,1908,2,0,0,17,41,2,2,0
NED,1908,2,0,0,18,218,2,2,0
AUT,1908,1,0,0,19,13,1,1,0
USA,1912,19,26,18,1,364,63,133,0
SWE,1912,17,24,24,2,714,65,137,1
GBR,1912,16,10,15,3,461,41,76,0
FIN,1912,9,9,8,4,233,26,52,0
FRA,1912,3,7,5,5,232,15,34,0
GER,1912,7,6,13,6,312,26,51,0
ITA,1912,2,5,1,7,96,8,19,0
RSA,1912,0,4,2,8,56,6,16,0
NOR,1912,5,4,1,9,263,10,19,0
CAN,1912,3,3,2,10,60,8,16,0
HUN,1912,3,3,2,11,207,8,16,0
ANZ,1912,3,2,2,12,38,7,13,0
BEL,1912,3,2,1,13,72,6,11,0
DEN,1912,5,1,6,14,233,12,20,0
GRE,1912,1,1,0,15,77,2,4,0
SUI,1912,0,1,0,16,7,1,3,0
RUS,1912,3,0,2,17,266,5,7,0
AUT,1912,2,0,2,18,132,4,6,0
NED,1912,3,0,0,19,45,3,3,0
USA,1920,27,41,27,1,473,95,204,0
SWE,1920,25,19,20,2,404,64,122,0
BEL,1920,14,16,12,3,518,42,86,1
FIN,1920,9,15,10,4,136,34,74,0
GBR,1920,13,14,16,5,345,43,87,0
ITA,1920,5,14,6,6,291,25,59,0
NOR,1920,9,10,10,7,267,29,59,0
FRA,1920,13,9,20,8,452,42,80,0
NED,1920,5,4,2,9,213,11,21,0
DEN,1920,1,3,9,10,246,13,28,0
RSA,1920,3,3,4,11,97,10,20,0
CAN,1920,3,3,3,12,85,9,18,0
SUI,1920,7,2,2,13,126,11,17,0
EST,1920,0,1,2,14,20,3,7,0
BRA,1920,1,1,1,15,38,3,6,0
AUS,1920,1,0,2,16,29,3,5,0
ESP,1920,0,0,2,17,111,2,4,0
JPN,1920,0,0,2,18,26,2,4,0
GRE,1920,0,0,1,19,98,1,2,0
LUX,1920,0,0,1,20,35,1,2,0
TCH,1920,2,0,0,21,182,2,2,0
NZL,1920,1,0,0,22,6,1,1,0
USA,1924,27,45,27,1,459,99,216,0
FRA,1924,12,14,14,2,636,40,82,1
FIN,1924,10,14,13,3,253,37,78,0
GBR,1924,12,9,14,4,428,35,67,0
ITA,1924,5,8,3,5,333,16,35,0
SUI,1924,10,7,8,6,262,25,47,0
NOR,1924,3,5,2,7,105,10,22,0
SWE,1924,12,4,13,8,256,29,50,0
NED,1924,6,4,1,9,246,11,20,0
BEL,1924,3,3,7,10,234,13,26,0
AUS,1924,2,3,1,11,60,6,13,0
DEN,1924,3,2,6,12,158,11,21,0
HUN,1924,4,2,4,13,140,10,18,0
YUG,1924,0,2,0,14,116,2,6,0
TCH,1924,5,1,4,15,242,10,16,0
ARG,1924,2,1,3,16,109,6,11,0
EST,1924,4,1,1,17,47,6,9,0
RSA,1924,1,1,1,18,44,3,6,0
LUX,1924,0,1,1,19,122,2,5,0
GRE,1924,0,1,0,20,79,1,3,0
URU,1924,0,1,0,21,40,1,3,0
AUT,1924,1,0,3,22,56,4,7,0
CAN,1924,1,0,3,23,83,4,7,0
IRL,1924,1,0,1,24,60,2,3,0
POL,1924,1,0,1,25,100,2,3,0
HAI,1924,1,0,0,26,16,1,1,0
JPN,1924,1,0,0,27,37,1,1,0
MON,1924,1,0,0,28,9,1,1,0
NZL,1924,1,0,0,29,6,1,1,0
POR,1924,1,0,0,30,47,1,1,0
ROU,1924,1,0,0,31,45,1,1,0
USA,1928,16,22,18,1,426,56,118,0
GER,1928,19,11,9,2,399,39,70,0
NED,1928,5,8,10,3,384,23,49,1
FIN,1928,9,8,8,4,132,25,49,0
FRA,1928,6,7,12,5,422,25,51,0
SWE,1928,12,7,6,6,139,25,45,0
ITA,1928,7,7,6,7,273,20,40,0
SUI,1928,4,7,6,8,236,17,37,0
HUN,1928,0,5,5,9,219,10,25,0
GBR,1928,7,4,11,10,354,22,41,0
CAN,1928,7,4,4,11,113,15,27,0
ARG,1928,1,3,3,12,98,7,16,0
DEN,1928,4,3,2,13,122,9,17,0
AUT,1928,1,3,0,14,113,4,10,0
TCH,1928,2,2,5,15,147,9,18,0
JPN,1928,1,2,2,16,56,5,11,0
POL,1928,4,2,1,17,146,7,12,0
EST,1928,2,2,1,18,23,5,10,0
EGY,1928,1,2,1,19,43,4,9,0
AUS,1928,1,1,2,20,29,4,8,0
NOR,1928,1,1,2,21,79,4,8,0
YUG,1928,3,1,1,22,86,5,8,0
RSA,1928,2,1,0,23,40,3,5,0
ESP,1928,0,1,0,24,106,1,3,0
IND,1928,0,1,0,25,24,1,3,0
IRL,1928,0,1,0,26,44,1,3,0
LUX,1928,0,1,0,27,107,1,3,0
NZL,1928,0,1,0,28,13,1,3,0
URU,1928,0,1,0,29,17,1,3,0
BEL,1928,2,0,1,30,260,3,4,0
CHI,1928,0,0,1,31,46,1,2,0
HAI,1928,0,0,1,32,3,1,2,0
PHI,1928,1,0,0,33,6,1,1,0
POR,1928,1,0,0,34,39,1,1,0
USA,1932,30,44,36,1,743,110,234,1
ITA,1932,12,12,12,2,154,36,72,0
FRA,1932,4,11,5,3,159,20,47,0
SWE,1932,9,10,5,4,128,24,49,0
JPN,1932,4,7,7,5,203,18,39,0
HUN,1932,5,6,5,6,118,16,33,0
GER,1932,7,5,12,7,202,24,46,0
FIN,1932,12,5,8,8,66,25,43,0
GBR,1932,5,5,7,9,170,17,34,0
POL,1932,4,3,2,10,71,9,17,0
AUS,1932,1,3,1,11,20,5,12,0
ARG,1932,0,3,1,12,47,4,11,0
CAN,1932,9,2,5,13,191,16,25,0
NED,1932,1,2,5,14,80,8,17,0
RSA,1932,3,2,0,15,20,5,9,0
IRL,1932,0,2,0,16,18,2,6,0
TCH,1932,2,1,3,17,44,6,11,0
AUT,1932,3,1,1,18,33,5,8,0
IND,1932,0,1,0,19,26,1,3,0
DEN,1932,3,0,5,20,94,8,13,0
MEX,1932,0,0,2,21,100,2,4,0
LAT,1932,0,0,1,22,13,1,2,0
NZL,1932,0,0,1,23,29,1,2,0
SUI,1932,0,0,1,24,9,1,2,0
PHI,1932,3,0,0,25,8,3,3,0
BEL,1932,1,0,0,26,69,1,1,0
ESP,1932,1,0,0,27,8,1,1,0
URU,1932,1,0,0,28,6,1,1,0
GER,1936,32,38,31,1,581,101,208,1
USA,1936,12,24,21,2,487,57,126,0
HUN,1936,5,10,1,3,335,16,37,0
ITA,1936,5,9,13,4,349,27,58,0
FIN,1936,6,8,6,5,186,20,42,0
FRA,1936,6,7,6,6,303,19,39,0
SWE,1936,10,6,5,7,231,21,38,0
JPN,1936,10,6,4,8,325,20,36,0
NED,1936,7,6,4,9,227,17,33,0
AUT,1936,5,5,7,10,363,17,34,0
SUI,1936,5,4,9,11,328,18,35,0
GBR,1936,3,4,7,12,250,14,29,0
TCH,1936,1,3,5,13,293,9,20,0
ARG,1936,3,2,2,14,68,7,13,0
EST,1936,3,2,2,15,36,7,13,0
EGY,1936,2,2,1,16,66,5,10,0
CAN,1936,5,1,3,17,167,9,14,0
NOR,1936,2,1,3,18,84,6,11,0
TUR,1936,1,1,0,19,62,2,4,0
IND,1936,0,1,0,20,30,1,3,0
NZL,1936,0,1,0,21,9,1,3,0
POL,1936,5,0,4,22,177,9,13,0
DEN,1936,3,0,2,23,173,5,7,0
LAT,1936,1,0,1,24,33,2,3,0
ROU,1936,0,0,1,25,118,1,2,0
RSA,1936,0,0,1,26,54,1,2,0
YUG,1936,0,0,1,27,173,1,2,0
BEL,1936,3,0,0,28,205,3,3,0
MEX,1936,3,0,0,29,32,3,3,0
AUS,1936,1,0,0,30,39,1,1,0
PHI,1936,1,0,0,31,40,1,1,0
POR,1936,1,0,0,32,26,1,1,0
USA,1948,19,38,27,1,424,84,187,0
SWE,1948,18,17,11,2,223,46,91,0
FRA,1948,15,11,6,3,433,32,60,0
HUN,1948,12,10,5,4,222,27,52,0
ITA,1948,10,9,12,5,310,31,61,0
FIN,1948,6,8,8,6,215,22,46,0
TUR,1948,2,6,4,7,87,12,28,0
TCH,1948,3,6,2,8,153,11,25,0
SUI,1948,5,5,12,9,287,22,44,0
DEN,1948,9,5,8,10,253,22,40,0
NED,1948,9,5,2,11,187,16,28,0
GBR,1948,7,4,16,12,590,27,51,1
ARG,1948,1,3,3,13,295,7,16,0
AUS,1948,5,2,6,14,103,13,23,0
AUT,1948,4,2,2,15,239,8,14,0
BEL,1948,3,2,2,16,182,7,13,0
RSA,1948,2,2,2,17,43,6,12,0
EGY,1948,1,2,2,18,166,5,11,0
MEX,1948,2,2,1,19,149,5,10,0
NOR,1948,3,1,3,20,97,7,12,0
JAM,1948,0,1,2,21,26,3,7,0
POL,1948,1,1,0,22,52,2,4,0
IND,1948,0,1,0,23,89,1,3,0
PER,1948,0,1,0,24,49,1,3,0
CAN,1948,2,0,2,25,188,4,6,0
YUG,1948,0,0,2,26,162,2,4,0
POR,1948,1,0,1,27,65,2,3,0
URU,1948,1,0,1,28,79,2,3,0
CUB,1948,0,0,1,29,112,1,2,0
ESP,1948,0,0,1,30,84,1,2,0
SRI,1948,0,0,1,31,10,1,2,0
TTO,1948,0,0,1,32,9,1,2,0
KOR,1948,2,0,0,33,48,2,2,0
PAN,1948,2,0,0,34,2,2,2,0
BRA,1948,1,0,0,35,105,1,1,0
IRI,1948,1,0,0,36,39,1,1,0
IRL,1948,1,0,0,37,83,1,1,0
PUR,1948,1,0,0,38,9,1,1,0
USA,1952,17,40,19,1,451,76,175,0
RUS,1952,19,22,29,2,451,70,143,0
HUN,1952,16,16,10,3,345,42,84,0
SWE,1952,10,12,13,4,355,35,72,0
ITA,1952,4,8,9,5,376,21,46,0
TCH,1952,3,7,3,6,218,13,30,0
FRA,1952,6,6,6,7,408,18,36,0
FIN,1952,13,6,3,8,412,22,37,1
AUS,1952,3,6,2,9,140,11,25,0
NOR,1952,0,3,2,10,190,5,13,0
SUI,1952,6,2,6,11,251,14,24,0
RSA,1952,4,2,4,12,109,10,18,0
JAM,1952,0,2,3,13,16,5,12,0
BEL,1952,0,2,2,14,184,4,10,0
DEN,1952,3,2,1,15,201,6,11,0
TUR,1952,1,2,0,16,58,3,7,0
JPN,1952,1,1,6,17,133,8,16,0
GBR,1952,8,1,2,18,401,11,15,0
ARG,1952,2,1,2,19,174,5,9,0
POL,1952,1,1,2,20,248,4,8,0
CAN,1952,0,1,2,21,154,3,7,0
YUG,1952,0,1,2,22,194,3,7,0
ROU,1952,2,1,1,23,241,4,7,0
BRA,1952,2,1,0,24,119,3,5,0
NZL,1952,2,1,0,25,20,3,5,0
IND,1952,1,1,0,26,94,2,4,0
LUX,1952,0,1,0,27,101,1,3,0
GER,1952,17,0,7,28,365,24,31,0
NED,1952,0,0,5,29,180,5,10,0
IRI,1952,4,0,3,30,23,7,10,0
CHI,1952,0,0,2,31,82,2,4,0
AUT,1952,1,0,1,32,238,2,3,0
LIB,1952,1,0,1,33,9,2,3,0
ESP,1952,0,0,1,34,42,1,2,0
IRL,1952,0,0,1,35,25,1,2,0
MEX,1952,0,0,1,36,85,1,2,0
KOR,1952,2,0,0,37,22,2,2,0
TTO,1952,2,0,0,38,2,2,2,0
URU,1952,2,0,0,39,42,2,2,0
BUL,1952,1,0,0,40,179,1,1,0
EGY,1952,1,0,0,41,196,1,1,0
POR,1952,1,0,0,42,155,1,1,0
VEN,1952,1,0,0,43,63,1,1,0
RUS,1956,32,37,29,1,411,98,201,0
USA,1956,17,32,25,2,443,74,163,0
AUS,1956,14,13,8,3,412,35,69,1
HUN,1956,7,9,10,4,197,26,54,0
ITA,1956,9,8,8,5,207,25,49,0
SWE,1956,6,8,5,6,186,19,40,1
GER,1956,7,6,13,7,261,26,51,0
GBR,1956,11,6,7,8,283,24,43,0
ROU,1956,5,5,3,9,103,13,26,0
JPN,1956,3,4,10,10,222,17,35,0
FRA,1956,6,4,4,11,227,14,26,0
TUR,1956,2,3,2,12,28,7,15,0
FIN,1956,11,3,1,13,147,15,22,0
IRI,1956,1,2,2,14,17,5,11,0
CAN,1956,3,2,1,15,150,6,11,0
NZL,1956,0,2,0,16,57,2,6,0
POL,1956,4,1,4,17,118,9,15,0
TCH,1956,1,1,4,18,161,6,12,0
BUL,1956,1,1,3,19,82,5,10,0
DEN,1956,1,1,2,20,51,4,8,0
IRL,1956,3,1,1,21,25,5,8,0
NOR,1956,2,1,0,22,29,3,5,0
MEX,1956,1,1,0,23,36,2,4,0
BRA,1956,0,1,0,24,63,1,3,0
IND,1956,0,1,0,25,79,1,3,0
YUG,1956,0,0,3,26,37,3,6,0
CHI,1956,2,0,2,27,43,4,6,0
BEL,1956,0,0,2,28,82,2,4,0
ARG,1956,1,0,1,29,44,2,3,0
KOR,1956,1,0,1,30,36,2,3,0
ISL,1956,0,0,1,31,2,1,2,0
PAK,1956,0,0,1,32,79,1,2,0
RSA,1956,4,0,0,33,90,4,4,0
AUT,1956,2,0,0,34,57,2,2,0
BAH,1956,1,0,0,35,5,1,1,0
GRE,1956,1,0,0,36,16,1,1,0
SUI,1956,1,0,0,37,18,1,1,0
URU,1956,1,0,0,38,29,1,1,0
RUS,1960,31,43,29,1,414,103,218,0
USA,1960,16,34,21,2,428,71,160,0
ITA,1960,13,13,10,3,402,36,72,1
GER,1960,11,12,19,4,425,42,85,0
AUS,1960,6,8,8,5,280,22,46,0
TUR,1960,0,7,2,6,58,9,25,0
HUN,1960,7,6,8,7,312,21,41,0
JPN,1960,7,4,7,8,278,18,33,0
POL,1960,11,4,6,9,307,21,35,0
TCH,1960,3,3,2,10,202,8,16,0
ROU,1960,6,3,1,11,156,10,17,0
GBR,1960,12,2,6,12,389,20,30,0
DEN,1960,1,2,3,13,109,6,13,0
NZL,1960,1,2,0,14,47,3,7,0
BUL,1960,3,1,3,15,183,7,12,0
SWE,1960,3,1,2,16,258,6,10,0
FIN,1960,3,1,1,17,219,5,8,0
AUT,1960,0,1,1,18,198,2,5,0
YUG,1960,0,1,1,19,185,2,5,0
PAK,1960,1,1,0,20,53,2,4,0
ETH,1960,0,1,0,21,15,1,3,0
GRE,1960,0,1,0,22,59,1,3,0
NOR,1960,0,1,0,23,50,1,3,0
SUI,1960,3,0,3,24,221,6,9,0
FRA,1960,3,0,2,25,363,5,7,0
BEL,1960,2,0,2,26,150,4,6,0
IRI,1960,3,0,1,27,24,4,5,0
NED,1960,2,0,1,28,160,3,4,0
RSA,1960,2,0,1,29,72,3,4,0
ARG,1960,1,0,1,30,116,2,3,0
UAR,1960,1,0,1,31,123,2,3,0
CAN,1960,0,0,1,32,140,1,2,0
GHA,1960,0,0,1,33,15,1,2,0
IND,1960,0,0,1,34,49,1,2,0
MAR,1960,0,0,1,35,111,1,2,0
POR,1960,0,0,1,36,109,1,2,0
SGP,1960,0,0,1,37,5,1,2,0
TPE,1960,0,0,1,38,31,1,2,0
BRA,1960,2,0,0,39,86,2,2,0
WIF,1960,2,0,0,40,20,2,2,0
ESP,1960,1,0,0,41,238,1,1,0
IRQ,1960,1,0,0,42,28,1,1,0
MEX,1960,1,0,0,43,110,1,1,0
VEN,1960,1,0,0,44,54,1,1,0
USA,1964,28,36,26,1,492,90,188,0
RUS,1964,33,30,30,2,463,93,183,0
JPN,1964,8,16,5,3,456,29,66,1
GER,1964,18,10,22,4,478,50,92,0
ITA,1964,7,10,10,5,256,27,57,0
HUN,1964,5,10,7,6,319,22,49,0
POL,1964,10,7,6,7,240,23,43,0
AUS,1964,10,6,2,8,392,18,32,0
TCH,1964,3,5,6,9,187,14,30,0
GBR,1964,2,4,12,10,301,18,38,0
BUL,1964,2,3,5,11,116,10,21,0
FIN,1964,2,3,0,12,151,5,11,0
NZL,1964,2,3,0,13,88,5,11,0
ROU,1964,6,2,4,14,232,12,20,0
NED,1964,4,2,4,15,158,10,18,0
TUR,1964,1,2,3,16,25,6,13,0
SWE,1964,4,2,2,17,175,8,14,0
DEN,1964,3,2,1,18,71,6,11,0
YUG,1964,2,2,1,19,123,5,10,0
BEL,1964,1,2,0,20,74,3,7,0
FRA,1964,6,1,8,21,214,15,25,0
CAN,1964,1,1,2,22,194,4,8,0
SUI,1964,1,1,2,23,129,4,8,0
BAH,1964,0,1,0,24,12,1,3,0
ETH,1964,0,1,0,25,19,1,3,0
IND,1964,0,1,0,26,111,1,3,0
KOR,1964,1,0,2,27,240,3,5,0
TTO,1964,2,0,1,28,18,3,4,0
TUN,1964,1,0,1,29,12,2,3,0
ARG,1964,0,0,1,30,148,1,2,0
CUB,1964,0,0,1,31,76,1,2,0
PAK,1964,0,0,1,32,47,1,2,0
PHI,1964,0,0,1,33,70,1,2,0
IRI,1964,2,0,0,34,96,2,2,0
BRA,1964,1,0,0,35,65,1,1,0
GHA,1964,1,0,0,36,40,1,1,0
IRL,1964,1,0,0,37,35,1,1,0
KEN,1964,1,0,0,38,41,1,1,0
MEX,1964,1,0,0,39,128,1,1,0
NGR,1964,1,0,0,40,19,1,1,0
URU,1964,1,0,0,41,29,1,1,0
USA,1968,34,45,28,1,529,107,225,0
RUS,1968,30,29,32,2,471,91,181,0
JPN,1968,7,11,7,3,289,25,54,0
HUN,1968,12,10,10,4,303,32,62,0
GDR,1968,7,9,9,5,346,25,52,0
FRA,1968,5,7,3,6,311,15,32,0
TCH,1968,4,7,2,7,203,13,29,0
FRG,1968,10,5,11,8,432,26,47,0
AUS,1968,5,5,7,9,224,17,34,0
GBR,1968,3,5,5,10,328,13,28,0
POL,1968,11,5,2,11,296,18,30,0
ROU,1968,5,4,6,12,100,15,29,0
ITA,1968,9,3,4,13,268,16,26,0
KEN,1968,2,3,4,14,50,9,19,0
MEX,1968,3,3,3,15,446,9,18,1
YUG,1968,2,3,3,16,130,8,17,0
NED,1968,1,3,3,17,140,7,16,0
BUL,1968,3,2,4,18,189,9,17,0
IRI,1968,2,2,1,19,14,5,10,0
SWE,1968,1,2,1,20,186,4,9,0
TUR,1968,0,2,0,21,30,2,6,0
DEN,1968,3,1,4,22,93,8,14,0
CAN,1968,1,1,3,23,291,5,10,0
FIN,1968,1,1,2,24,126,4,8,0
ETH,1968,0,1,1,25,26,2,5,0
NOR,1968,0,1,1,26,86,2,5,0
NZL,1968,2,1,0,27,65,3,5,0
TUN,1968,1,1,0,28,8,2,4,0
PAK,1968,0,1,0,29,15,1,3,0
VEN,1968,0,1,0,30,30,1,3,0
CUB,1968,0,0,4,31,227,4,8,0
AUT,1968,2,0,2,32,59,4,6,0
SUI,1968,4,0,1,33,155,5,6,0
MGL,1968,3,0,1,34,38,4,5,0
BRA,1968,2,0,1,35,89,3,4,0
BEL,1968,1,0,1,36,106,2,3,0
KOR,1968,1,0,1,37,66,2,3,0
UGA,1968,1,0,1,38,14,2,3,0
CMR,1968,0,0,1,39,5,1,2,0
JAM,1968,0,0,1,40,35,1,2,0
ARG,1968,2,0,0,41,132,2,2,0
GRE,1968,1,0,0,42,44,1,1,0
IND,1968,1,0,0,43,27,1,1,0
TPE,1968,1,0,0,44,93,1,1,0
RUS,1972,22,50,27,1,531,99,226,0
USA,1972,30,33,31,2,578,94,191,0
GDR,1972,23,20,23,3,454,66,129,0
FRG,1972,16,13,11,4,587,40,77,1
JPN,1972,8,13,8,5,293,29,63,0
AUS,1972,2,8,7,6,266,17,40,0
POL,1972,9,7,5,7,418,21,40,0
HUN,1972,16,6,13,8,367,35,60,0
BUL,1972,5,6,10,9,226,21,43,0
ITA,1972,10,5,3,10,345,18,31,0
SWE,1972,6,4,6,11,186,16,30,0
GBR,1972,9,4,5,12,433,18,31,0
ROU,1972,7,3,6,13,258,16,28,0
CUB,1972,4,3,1,14,201,8,15,0
FIN,1972,4,3,1,15,133,8,15,0
NED,1972,1,3,1,16,199,5,12,0
FRA,1972,7,2,4,17,356,13,21,0
TCH,1972,2,2,4,18,274,8,16,0
KEN,1972,4,2,3,19,69,9,16,0
YUG,1972,2,2,1,20,212,5,10,0
NOR,1972,1,2,1,21,161,4,9,0
PRK,1972,3,1,1,22,83,5,8,0
NZL,1972,1,1,1,23,112,3,6,0
UGA,1972,0,1,1,24,35,2,5,0
DEN,1972,0,1,0,25,155,1,3,0
SUI,1972,0,0,3,26,265,3,6,0
CAN,1972,3,0,2,27,344,5,7,0
IRI,1972,1,0,2,28,56,3,5,0
BEL,1972,0,0,2,29,106,2,4,0
GRE,1972,0,0,2,30,66,2,4,0
AUT,1972,2,0,1,31,143,3,4,0
COL,1972,2,0,1,32,75,3,4,0
ARG,1972,0,0,1,33,123,1,2,0
KOR,1972,0,0,1,34,43,1,2,0
LIB,1972,0,0,1,35,36,1,2,0
MEX,1972,0,0,1,36,281,1,2,0
MGL,1972,0,0,1,37,44,1,2,0
PAK,1972,0,0,1,38,26,1,2,0
TUN,1972,0,0,1,39,37,1,2,0
TUR,1972,0,0,1,40,50,1,2,0
BRA,1972,2,0,0,41,104,2,2,0
ETH,1972,2,0,0,42,40,2,2,0
ESP,1972,1,0,0,43,162,1,1,0
GHA,1972,1,0,0,44,41,1,1,0
IND,1972,1,0,0,45,43,1,1,0
JAM,1972,1,0,0,46,51,1,1,0
NGR,1972,1,0,0,47,36,1,1,0
NIG,1972,1,0,0,48,4,1,1,0
RUS,1976,35,49,41,1,574,125,264,0
GDR,1976,25,40,25,2,407,90,195,0
USA,1976,25,34,35,3,554,94,197,0
FRG,1976,17,10,12,4,452,39,71,0
JPN,1976,10,9,6,5,328,25,49,0
POL,1976,13,7,6,6,286,26,46,0
BUL,1976,7,6,9,7,254,22,43,0
CUB,1976,3,6,4,8,194,13,29,0
ROU,1976,14,4,9,9,255,27,44,0
HUN,1976,13,4,5,10,288,22,35,0
FIN,1976,0,4,2,11,108,6,16,0
SWE,1976,0,4,1,12,163,5,14,0
GBR,1976,5,3,5,13,353,13,24,0
ITA,1976,4,2,7,14,312,13,24,0
FRA,1976,4,2,3,15,302,9,16,0
YUG,1976,3,2,3,16,95,8,15,0
TCH,1976,4,2,2,17,251,8,14,0
NZL,1976,1,2,1,18,98,4,9,0
KOR,1976,4,1,1,19,51,6,9,0
SUI,1976,2,1,1,20,101,4,7,0
JAM,1976,0,1,1,21,36,2,5,0
NOR,1976,0,1,1,22,79,2,5,0
PRK,1976,0,1,1,23,40,2,5,0
DEN,1976,2,1,0,24,81,3,5,0
MEX,1976,1,1,0,25,137,2,4,0
TTO,1976,0,1,0,26,20,1,3,0
CAN,1976,6,0,5,27,531,11,16,1
BEL,1976,3,0,3,28,149,6,9,0
NED,1976,3,0,2,29,175,5,7,0
ESP,1976,0,0,2,30,160,2,4,0
POR,1976,0,0,2,31,36,2,4,0
AUS,1976,4,0,1,32,274,5,6,0
IRI,1976,1,0,1,33,104,2,3,0
MGL,1976,0,0,1,34,33,1,2,0
VEN,1976,0,0,1,35,56,1,2,0
BRA,1976,2,0,0,36,89,2,2,0
AUT,1976,1,0,0,37,73,1,1,0
BER,1976,1,0,0,38,20,1,1,0
PAK,1976,1,0,0,39,24,1,1,0
PUR,1976,1,0,0,40,112,1,1,0
THA,1976,1,0,0,41,62,1,1,0
RUS,1980,46,80,69,1,660,195,424,1
GDR,1980,42,47,37,2,495,126,257,0
BUL,1980,17,8,16,3,397,41,73,0
CUB,1980,5,8,7,4,288,20,43,0
ITA,1980,4,8,3,5,203,15,34,0
HUN,1980,15,7,10,6,392,32,56,0
ROU,1980,13,6,6,7,339,25,43,0
FRA,1980,3,6,5,8,200,14,31,0
GBR,1980,9,5,7,9,328,21,38,0
POL,1980,15,3,14,10,418,32,52,0
SWE,1980,6,3,3,11,201,12,21,0
FIN,1980,4,3,1,12,125,8,15,0
TCH,1980,9,2,3,13,317,14,21,0
YUG,1980,4,2,3,14,180,9,16,0
AUS,1980,5,2,2,15,190,9,15,0
DEN,1980,2,2,1,16,60,5,10,0
BRA,1980,2,2,0,17,149,4,8,0
ETH,1980,2,2,0,18,48,4,8,0
SUI,1980,0,2,0,19,86,2,6,0
ESP,1980,2,1,3,20,211,6,11,0
AUT,1980,1,1,2,21,92,4,8,0
GRE,1980,2,1,0,22,45,3,5,0
BEL,1980,0,1,0,23,84,1,3,0
IND,1980,0,1,0,24,78,1,3,0
ZIM,1980,0,1,0,25,52,1,3,0
PRK,1980,2,0,3,26,121,5,8,0
MGL,1980,2,0,2,27,57,4,6,0
TAN,1980,0,0,2,28,48,2,4,0
MEX,1980,3,0,1,29,74,4,5,0
NED,1980,2,0,1,30,112,3,4,0
IRL,1980,1,0,1,31,57,2,3,0
UGA,1980,0,0,1,32,16,1,2,0
VEN,1980,0,0,1,33,43,1,2,0
JAM,1980,3,0,0,34,32,3,3,0
GUY,1980,1,0,0,35,10,1,1,0
LIB,1980,1,0,0,36,19,1,1,0
USA,1984,30,82,61,1,693,173,398,1
ROU,1984,17,19,16,2,193,52,106,0
FRG,1984,23,17,19,3,571,59,112,0
CHN,1984,9,15,8,4,323,32,70,0
ITA,1984,12,14,6,5,368,32,66,0
CAN,1984,16,10,18,6,572,44,82,0
JPN,1984,14,10,7,7,365,31,58,0
NZL,1984,2,8,1,8,162,11,28,0
YUG,1984,7,7,4,9,154,18,36,0
KOR,1984,7,6,6,10,240,19,37,0
GBR,1984,21,5,11,11,509,37,58,0
FRA,1984,16,5,7,12,354,28,45,0
NED,1984,6,5,2,13,185,13,25,0
AUS,1984,12,4,8,14,337,24,40,0
FIN,1984,6,4,2,15,107,12,22,0
SWE,1984,6,2,11,16,254,19,34,0
MEX,1984,1,2,3,17,155,6,13,0
MAR,1984,0,2,0,18,35,2,6,0
BRA,1984,2,1,5,19,197,8,15,0
ESP,1984,2,1,2,20,257,5,9,0
BEL,1984,2,1,1,21,86,4,7,0
AUT,1984,1,1,1,22,130,3,6,0
KEN,1984,2,1,0,23,67,3,5,0
POR,1984,2,1,0,24,48,3,5,0
PAK,1984,0,1,0,25,33,1,3,0
SUI,1984,4,0,4,26,245,8,12,0
DEN,1984,3,0,3,27,74,6,9,0
JAM,1984,2,0,1,28,75,3,4,0
NOR,1984,2,0,1,29,132,3,4,0
GRE,1984,1,0,1,30,73,2,3,0
NGR,1984,1,0,1,31,36,2,3,0
PUR,1984,1,0,1,32,58,2,3,0
CIV,1984,0,0,1,33,18,1,2,0
COL,1984,0,0,1,34,48,1,2,0
EGY,1984,0,0,1,35,148,1,2,0
IRL,1984,0,0,1,36,55,1,2,0
PER,1984,0,0,1,37,44,1,2,0
SYR,1984,0,0,1,38,9,1,2,0
THA,1984,0,0,1,39,40,1,2,0
TUR,1984,3,0,0,40,62,3,3,0
VEN,1984,3,0,0,41,44,3,3,0
ALG,1984,2,0,0,42,33,2,2,0
CMR,1984,1,0,0,43,56,1,1,0
DOM,1984,1,0,0,44,24,1,1,0
ISL,1984,1,0,0,45,35,1,1,0
TPE,1984,1,0,0,46,52,1,1,0
ZAM,1984,1,0,0,47,18,1,1,0
RUS,1988,46,54,31,1,647,131,270,0
GDR,1988,30,37,35,2,402,102,211,0
USA,1988,27,36,31,3,715,94,197,0
KOR,1988,11,12,10,4,551,33,67,1
FRG,1988,15,11,14,5,516,40,76,0
HUN,1988,6,11,6,6,315,23,51,0
BUL,1988,13,10,12,7,281,35,67,0
ROU,1988,6,7,11,8,172,24,49,0
FRA,1988,6,6,4,9,413,16,32,0
ITA,1988,4,6,4,10,374,14,30,0
CHN,1988,12,5,11,11,427,28,49,0
GBR,1988,9,5,10,12,472,24,44,0
KEN,1988,2,5,2,13,88,9,21,0
JPN,1988,7,4,3,14,412,14,25,0
AUS,1988,5,3,6,15,339,14,26,0
YUG,1988,5,3,4,16,183,12,22,0
TCH,1988,2,3,3,17,226,8,17,0
NZL,1988,8,3,2,18,112,13,21,0
CAN,1988,5,3,2,19,503,10,18,0
POL,1988,9,2,5,20,192,16,25,0
NOR,1988,0,2,3,21,79,5,12,0
NED,1988,5,2,2,22,202,9,15,0
DEN,1988,1,2,1,23,130,4,9,0
BRA,1988,3,1,2,24,233,6,10,0
ESP,1988,2,1,1,25,317,4,7,0
FIN,1988,2,1,1,26,101,4,7,0
TUR,1988,0,1,1,27,51,2,5,0
MAR,1988,2,1,0,28,29,3,5,0
AUT,1988,0,1,0,29,96,1,3,0
POR,1988,0,1,0,30,91,1,3,0
SUR,1988,0,1,0,31,10,1,3,0
SWE,1988,7,0,4,32,251,11,15,0
SUI,1988,2,0,2,33,151,4,6,0
JAM,1988,0,0,2,34,49,2,4,0
ARG,1988,1,0,1,35,134,2,3,0
AHO,1988,0,0,1,36,4,1,2,0
CHI,1988,0,0,1,37,23,1,2,0
CRC,1988,0,0,1,38,33,1,2,0
INA,1988,0,0,1,39,43,1,2,0
IRI,1988,0,0,1,40,26,1,2,0
ISV,1988,0,0,1,41,46,1,2,0
PER,1988,0,0,1,42,26,1,2,0
SEN,1988,0,0,1,43,35,1,2,0
BEL,1988,2,0,0,44,85,2,2,0
MEX,1988,2,0,0,45,144,2,2,0
COL,1988,1,0,0,46,57,1,1,0
DJI,1988,1,0,0,47,6,1,1,0
GRE,1988,1,0,0,48,72,1,1,0
MGL,1988,1,0,0,49,32,1,1,0
PAK,1988,1,0,0,50,33,1,1,0
PHI,1988,1,0,0,51,42,1,1,0
THA,1988,1,0,0,52,15,1,1,0
EUN,1992,29,45,38,1,650,112,240,0
USA,1992,37,37,34,2,734,108,216,0
GER,1992,28,33,21,3,653,82,169,0
CHN,1992,15,16,22,4,394,53,107,0
CUB,1992,11,14,6,5,196,31,65,0
ESP,1992,2,13,7,6,537,22,55,1
KOR,1992,11,12,5,7,322,28,57,0
HUN,1992,7,11,12,8,351,30,64,0
FRA,1992,16,8,5,9,486,29,50,0
AUS,1992,11,7,9,10,390,27,50,0
CAN,1992,7,7,4,11,445,18,36,0
ITA,1992,8,6,5,12,431,19,36,0
GBR,1992,12,5,3,13,512,20,33,0
ROU,1992,8,4,6,14,306,18,32,0
TCH,1992,1,4,2,15,269,7,17,0
PRK,1992,5,4,0,16,123,9,17,0
JPN,1992,11,3,8,17,392,22,36,0
BUL,1992,6,3,7,18,236,16,29,0
POL,1992,10,3,6,19,263,19,31,0
NED,1992,7,2,6,20,257,15,25,0
KEN,1992,2,2,4,21,55,8,16,0
NOR,1992,1,2,4,22,114,7,15,0
TUR,1992,2,2,2,23,54,6,12,0
INA,1992,1,2,2,24,51,5,11,0
BRA,1992,0,2,1,25,233,3,8,0
GRE,1992,0,2,0,26,76,2,6,0
SWE,1992,4,1,7,27,252,12,21,0
NZL,1992,5,1,4,28,175,10,16,0
FIN,1992,2,1,2,29,130,5,9,0
DEN,1992,4,1,1,30,144,6,9,0
MAR,1992,1,1,1,31,45,3,6,0
IRL,1992,0,1,1,32,77,2,5,0
ETH,1992,2,1,0,33,24,3,5,0
ALG,1992,1,1,0,34,36,2,4,0
EST,1992,1,1,0,35,46,2,4,0
LTU,1992,1,1,0,36,54,2,4,0
SUI,1992,0,1,0,37,171,1,3,0
JAM,1992,1,0,3,38,51,4,7,0
NGR,1992,1,0,3,39,72,4,7,0
LAT,1992,1,0,2,40,40,3,5,0
AUT,1992,0,0,2,41,127,2,4,0
NAM,1992,0,0,2,42,10,2,4,0
RSA,1992,0,0,2,43,141,2,4,0
BEL,1992,2,0,1,44,103,3,4,0
CRO,1992,2,0,1,45,46,3,4,0
IOA,1992,2,0,1,46,76,3,4,0
IRI,1992,2,0,1,47,44,3,4,0
ISR,1992,1,0,1,48,44,2,3,0
MEX,1992,0,0,1,49,140,1,2,0
PER,1992,0,0,1,50,21,1,2,0
TPE,1992,0,0,1,51,38,1,2,0
MGL,1992,2,0,0,52,38,2,2,0
SLO,1992,2,0,0,53,47,2,2,0
ARG,1992,1,0,0,54,111,1,1,0
BAH,1992,1,0,0,55,18,1,1,0
COL,1992,1,0,0,56,61,1,1,0
GHA,1992,1,0,0,57,41,1,1,0
MAS,1992,1,0,0,58,30,1,1,0
PAK,1992,1,0,0,59,28,1,1,0
PHI,1992,1,0,0,60,38,1,1,0
PUR,1992,1,0,0,61,101,1,1,0
QAT,1992,1,0,0,62,30,1,1,0
SUR,1992,1,0,0,63,9,1,1,0
THA,1992,1,0,0,64,64,1,1,0
USA,1996,25,44,32,1,839,101,221,1
RUS,1996,16,26,21,2,552,63,136,0
GER,1996,27,20,18,3,626,65,123,0
CHN,1996,12,16,22,4,438,50,104,0
FRA,1996,15,15,7,5,453,37,74,0
ITA,1996,12,13,10,6,460,35,71,0
AUS,1996,23,9,9,7,550,41,68,0
CUB,1996,8,9,8,8,178,25,51,0
UKR,1996,12,9,2,9,351,23,43,0
KOR,1996,5,7,15,10,417,27,56,0
POL,1996,5,7,5,11,207,17,36,0
HUN,1996,10,7,4,12,315,21,39,0
ESP,1996,6,5,6,13,384,17,33,0
ROU,1996,8,4,7,14,284,19,34,0
NED,1996,10,4,5,15,290,19,32,0
GRE,1996,0,4,4,16,180,8,20,0
CZE,1996,4,4,3,17,169,11,22,0
SUI,1996,0,4,3,18,172,7,18,0
DEN,1996,1,4,1,19,145,6,15,0
TUR,1996,1,4,1,20,61,6,15,0
CAN,1996,8,3,11,21,408,22,39,0
BUL,1996,5,3,7,22,181,15,28,0
JPN,1996,5,3,6,23,448,14,26,0
KAZ,1996,4,3,4,24,142,11,21,0
BRA,1996,9,3,3,25,251,15,24,0
NZL,1996,1,3,2,26,129,6,14,0
RSA,1996,1,3,1,27,111,5,12,0
IRL,1996,1,3,0,28,99,4,10,0
SWE,1996,2,2,4,29,233,8,16,0
NOR,1996,3,2,2,30,116,7,13,0
BEL,1996,2,2,2,31,81,6,12,0
NGR,1996,3,2,1,32,84,6,11,0
PRK,1996,2,2,1,33,36,5,10,0
ALG,1996,1,2,0,34,47,3,7,0
ETH,1996,1,2,0,35,19,3,7,0
GBR,1996,6,1,8,36,391,15,25,0
BLR,1996,8,1,6,37,259,15,23,0
KEN,1996,3,1,4,38,54,8,14,0
JAM,1996,2,1,3,39,69,6,11,0
FIN,1996,1,1,2,40,105,4,8,0
INA,1996,2,1,1,41,45,4,7,0
SCG,1996,2,1,1,42,79,4,7,0
IRI,1996,1,1,1,43,18,3,6,0
SVK,1996,1,1,1,44,98,3,6,0
ARM,1996,0,1,1,45,38,2,5,0
CRO,1996,0,1,1,46,117,2,5,0
POR,1996,1,1,0,47,131,2,4,0
THA,1996,1,1,0,48,58,2,4,0
BDI,1996,0,1,0,49,7,1,3,0
CRC,1996,0,1,0,50,13,1,3,0
ECU,1996,0,1,0,51,28,1,3,0
HKG,1996,0,1,0,52,32,1,3,0
SYR,1996,0,1,0,53,8,1,3,0
ARG,1996,1,0,2,54,221,3,5,0
NAM,1996,0,0,2,55,10,2,4,0
SLO,1996,0,0,2,56,47,2,4,0
AUT,1996,2,0,1,57,92,3,4,0
MAS,1996,1,0,1,58,43,2,3,0
MDA,1996,1,0,1,59,50,2,3,0
UZB,1996,1,0,1,60,95,2,3,0
AZE,1996,0,0,1,61,24,1,2,0
BAH,1996,0,0,1,62,36,1,2,0
LAT,1996,0,0,1,63,55,1,2,0
PHI,1996,0,0,1,64,18,1,2,0
TGA,1996,0,0,1,65,5,1,2,0
TPE,1996,0,0,1,66,107,1,2,0
ZAM,1996,0,0,1,67,8,1,2,0
GEO,1996,2,0,0,68,42,2,2,0
MAR,1996,2,0,0,69,38,2,2,0
TTO,1996,2,0,0,70,16,2,2,0
IND,1996,1,0,0,71,54,1,1,0
ISR,1996,1,0,0,72,38,1,1,0
LTU,1996,1,0,0,73,81,1,1,0
MEX,1996,1,0,0,74,111,1,1,0
MGL,1996,1,0,0,75,18,1,1,0
MOZ,1996,1,0,0,76,3,1,1,0
PUR,1996,1,0,0,77,91,1,1,0
TUN,1996,1,0,0,78,52,1,1,0
UGA,1996,1,0,0,79,12,1,1,0
USA,2000,31,36,24,1,764,91,187,0
RUS,2000,29,32,28,2,602,89,181,0
CHN,2000,14,28,16,3,414,58,130,0
AUS,2000,17,16,25,4,788,58,115,1
GER,2000,26,13,17,5,567,56,99,0
FRA,2000,11,13,14,6,470,38,78,0
ITA,2000,13,13,8,7,457,34,68,0
NED,2000,4,12,9,8,285,25,58,0
CUB,2000,7,11,11,9,271,29,62,0
GBR,2000,7,11,10,10,415,28,60,0
ROU,2000,9,11,6,11,252,26,54,0
KOR,2000,10,8,10,12,359,28,54,0
HUN,2000,3,8,6,13,238,17,39,0
POL,2000,3,6,5,14,240,14,31,0
JPN,2000,5,5,8,15,363,18,36,0
BUL,2000,2,5,6,16,150,13,29,0
GRE,2000,3,4,6,17,175,13,27,0
SWE,2000,3,4,5,18,198,12,25,0
NOR,2000,3,4,3,19,115,10,21,0
ETH,2000,3,4,1,20,27,8,17,0
UKR,2000,10,3,10,21,368,23,39,0
KAZ,2000,0,3,4,22,158,7,17,0
BLR,2000,11,3,3,23,231,17,26,0
CAN,2000,8,3,3,24,422,14,23,0
ESP,2000,5,3,3,25,431,11,20,0
TUR,2000,2,3,0,26,67,5,11,0
IRI,2000,1,3,0,27,34,4,10,0
CZE,2000,3,2,3,28,162,8,15,0
KEN,2000,2,2,3,29,59,7,14,0
DEN,2000,1,2,3,30,124,6,13,0
FIN,2000,1,2,1,31,88,4,9,0
AUT,2000,0,2,1,32,114,3,8,0
LTU,2000,3,2,0,33,77,5,9,0
AZE,2000,1,2,0,34,32,3,7,0
BAH,2000,1,2,0,35,39,3,7,0
SLO,2000,0,2,0,36,90,2,6,0
SUI,2000,2,1,6,37,138,9,17,0
INA,2000,2,1,3,38,54,6,11,0
SVK,2000,1,1,3,39,132,5,10,0
MEX,2000,3,1,2,40,98,6,10,0
NGR,2000,0,1,2,41,100,3,7,0
ALG,2000,3,1,1,42,51,5,8,0
UZB,2000,2,1,1,43,85,4,7,0
LAT,2000,1,1,1,44,60,3,6,0
SCG,2000,1,1,1,45,125,3,6,0
NZL,2000,3,1,0,46,177,4,6,0
EST,2000,2,1,0,47,41,3,5,0
THA,2000,2,1,0,48,68,3,5,0
CRO,2000,1,1,0,49,108,2,4,0
CMR,2000,0,1,0,50,39,1,3,0
COL,2000,0,1,0,51,54,1,3,0
MOZ,2000,0,1,0,52,4,1,3,0
BRA,2000,6,0,6,53,236,12,18,0
JAM,2000,3,0,6,54,65,9,15,0
BEL,2000,3,0,2,55,94,5,7,0
RSA,2000,3,0,2,56,161,5,7,0
ARG,2000,2,0,2,57,165,4,6,0
MAR,2000,4,0,1,58,55,5,6,0
TPE,2000,4,0,1,59,75,5,6,0
PRK,2000,3,0,1,60,47,4,5,0
KSA,2000,1,0,1,61,23,2,3,0
MDA,2000,1,0,1,62,35,2,3,0
TTO,2000,1,0,1,63,29,2,3,0
IRL,2000,0,0,1,64,76,1,2,0
SRI,2000,0,0,1,65,24,1,2,0
URU,2000,0,0,1,66,17,1,2,0
VIE,2000,0,0,1,67,7,1,2,0
GEO,2000,6,0,0,68,47,6,6,0
CRC,2000,2,0,0,69,9,2,2,0
POR,2000,2,0,0,70,64,2,2,0
ARM,2000,1,0,0,71,26,1,1,0
BAR,2000,1,0,0,72,28,1,1,0
CHI,2000,1,0,0,73,58,1,1,0
IND,2000,1,0,0,74,70,1,1,0
ISL,2000,1,0,0,75,29,1,1,0
ISR,2000,1,0,0,76,58,1,1,0
KGZ,2000,1,0,0,77,71,1,1,0
KUW,2000,1,0,0,78,30,1,1,0
MKD,2000,1,0,0,79,15,1,1,0
QAT,2000,1,0,0,80,19,1,1,0
USA,2004,26,36,39,1,726,101,212,0
CHN,2004,14,32,17,2,518,63,144,0
RUS,2004,36,28,26,3,593,90,172,0
AUS,2004,17,17,16,4,601,50,100,0
JPN,2004,12,16,9,5,414,37,78,0
GER,2004,20,13,16,6,592,49,91,0
FRA,2004,13,11,9,7,461,33,64,0
ITA,2004,11,10,11,8,474,32,63,0
KOR,2004,9,9,12,9,344,30,60,0
GBR,2004,12,9,9,10,360,30,57,0
CUB,2004,11,9,7,11,177,27,52,0
HUN,2004,3,8,6,12,258,17,39,0
UKR,2004,9,8,5,13,357,22,43,0
ROU,2004,6,8,5,14,193,19,40,0
GRE,2004,4,6,6,15,499,16,34,1
BRA,2004,3,5,2,16,318,10,22,0
NOR,2004,1,5,0,17,60,6,16,0
NED,2004,9,4,9,18,264,22,39,0
SWE,2004,1,4,2,19,157,7,17,0
ESP,2004,6,3,11,20,423,20,37,0
CAN,2004,3,3,6,21,391,12,24,0
TUR,2004,5,3,3,22,74,11,20,0
POL,2004,5,3,2,23,224,10,18,0
NZL,2004,0,3,2,24,184,5,13,0
THA,2004,4,3,1,25,51,8,15,0
BLR,2004,6,2,5,26,192,13,22,0
AUT,2004,1,2,4,27,92,7,15,0
ETH,2004,2,2,3,28,27,7,14,0
IRI,2004,2,2,2,29,37,6,12,0
SVK,2004,2,2,2,30,84,6,12,0
TPE,2004,1,2,2,31,104,5,11,0
GEO,2004,0,2,2,32,39,4,10,0
BUL,2004,9,2,1,33,119,12,17,0
DEN,2004,5,2,1,34,115,8,13,0
JAM,2004,2,2,1,35,62,5,10,0
UZB,2004,2,2,1,36,79,5,10,0
MAR,2004,0,2,1,37,57,3,8,0
ARG,2004,4,2,0,38,179,6,10,0
CHI,2004,1,2,0,39,29,3,7,0
KAZ,2004,3,1,4,40,130,8,14,0
KEN,2004,2,1,4,41,46,7,13,0
CZE,2004,5,1,3,42,171,9,14,0
RSA,2004,2,1,3,43,128,6,11,0
CRO,2004,2,1,2,44,100,5,9,0
LTU,2004,0,1,2,45,70,3,7,0
EGY,2004,3,1,1,46,104,5,8,0
SUI,2004,3,1,1,47,138,5,8,0
INA,2004,2,1,1,48,39,4,7,0
ZIM,2004,1,1,1,49,14,3,6,0
AZE,2004,4,1,0,50,37,5,7,0
BEL,2004,2,1,0,51,70,3,5,0
BAH,2004,1,1,0,52,28,2,4,0
ISR,2004,1,1,0,53,46,2,4,0
CMR,2004,0,1,0,54,19,1,3,0
DOM,2004,0,1,0,55,33,1,3,0
UAE,2004,0,1,0,56,5,1,3,0
PRK,2004,1,0,4,57,71,5,9,0
LAT,2004,0,0,4,58,45,4,8,0
MEX,2004,1,0,3,59,137,4,7,0
POR,2004,1,0,2,60,93,3,5,0
FIN,2004,0,0,2,61,67,2,4,0
SCG,2004,0,0,2,62,96,2,4,0
SLO,2004,3,0,1,63,102,4,5,0
EST,2004,2,0,1,64,45,3,4,0
HKG,2004,0,0,1,65,42,1,2,0
IND,2004,0,0,1,66,81,1,2,0
PAR,2004,0,0,1,67,22,1,2,0
COL,2004,2,0,0,68,71,2,2,0
NGR,2004,2,0,0,69,79,2,2,0
VEN,2004,2,0,0,70,53,2,2,0
ERI,2004,1,0,0,71,5,1,1,0
MGL,2004,1,0,0,72,21,1,1,0
SYR,2004,1,0,0,73,6,1,1,0
TTO,2004,1,0,0,74,26,1,1,0
CHN,2008,28,51,21,1,730,100,223,1
USA,2008,35,36,39,2,763,110,221,0
RUS,2008,28,23,21,3,600,72,139,0
GBR,2008,16,19,13,4,420,48,99,0
GER,2008,15,16,10,5,558,41,83,0
AUS,2008,17,14,15,6,570,46,89,0
KOR,2008,8,13,10,7,329,31,67,0
JPN,2008,9,9,7,8,457,25,50,0
ITA,2008,10,8,9,9,459,27,52,0
FRA,2008,18,7,16,10,448,41,71,0
UKR,2008,15,7,5,11,327,27,46,0
NED,2008,4,7,5,12,283,16,35,0
KEN,2008,5,6,4,13,47,15,31,0
ESP,2008,3,5,10,14,355,18,38,0
JAM,2008,2,5,2,15,66,9,21,0
BLR,2008,9,4,5,16,237,18,31,0
ROU,2008,3,4,1,17,172,8,17,0
ETH,2008,2,4,1,18,29,7,16,0
CAN,2008,7,3,9,19,449,19,34,0
POL,2008,1,3,6,20,316,10,22,0
HUN,2008,2,3,5,21,216,10,21,0
NOR,2008,1,3,5,22,102,9,20,0
BRA,2008,9,3,4,23,338,16,26,0
CZE,2008,0,3,3,24,158,6,15,0
NZL,2008,4,3,2,25,201,9,17,0
SVK,2008,1,3,2,26,67,6,14,0
GEO,2008,3,3,0,27,38,6,12,0
CUB,2008,11,2,11,28,171,24,39,0
KAZ,2008,7,2,4,29,146,13,21,0
DEN,2008,3,2,2,30,108,7,13,0
MGL,2008,0,2,2,31,31,4,10,0
THA,2008,0,2,2,32,53,4,10,0
SUI,2008,4,2,1,33,116,7,12,0
PRK,2008,3,2,1,34,66,6,11,0
ARG,2008,4,2,0,35,145,6,10,0
MEX,2008,1,2,0,36,103,3,7,0
TUR,2008,3,1,3,37,71,7,12,0
ZIM,2008,0,1,3,38,16,4,9,0
AZE,2008,4,1,2,39,44,7,11,0
UZB,2008,3,1,2,40,69,6,10,0
SLO,2008,2,1,2,41,73,5,9,0
BUL,2008,3,1,1,42,87,5,8,0
INA,2008,3,1,1,43,26,5,8,0
FIN,2008,2,1,1,44,70,4,7,0
LAT,2008,1,1,1,45,53,3,6,0
BEL,2008,0,1,1,46,112,2,5,0
DOM,2008,0,1,1,47,27,2,5,0
EST,2008,0,1,1,48,53,2,5,0
POR,2008,0,1,1,49,87,2,5,0
TTO,2008,0,1,1,50,35,2,5,0
IND,2008,2,1,0,51,67,3,5,0
IRI,2008,1,1,0,52,55,2,4,0
CMR,2008,0,1,0,53,32,1,3,0
PAN,2008,0,1,0,54,5,1,3,0
TUN,2008,0,1,0,55,29,1,3,0
SWE,2008,1,0,4,56,169,5,9,0
CRO,2008,3,0,2,57,125,5,7,0
LTU,2008,3,0,2,58,78,5,7,0
GRE,2008,2,0,2,59,176,4,6,0
NGR,2008,3,0,1,60,89,4,5,0
AUT,2008,2,0,1,61,93,3,4,0
IRL,2008,2,0,1,62,63,3,4,0
SRB,2008,2,0,1,63,97,3,4,0
ALG,2008,1,0,1,64,57,2,3,0
BAH,2008,1,0,1,65,33,2,3,0
COL,2008,1,0,1,66,90,2,3,0
KGZ,2008,1,0,1,67,22,2,3,0
MAR,2008,1,0,1,68,49,2,3,0
TJK,2008,1,0,1,69,16,2,3,0
CHI,2008,0,0,1,70,29,1,2,0
ECU,2008,0,0,1,71,26,1,2,0
ISL,2008,0,0,1,72,31,1,2,0
MAS,2008,0,0,1,73,42,1,2,0
RSA,2008,0,0,1,74,179,1,2,0
SGP,2008,0,0,1,75,36,1,2,0
SUD,2008,0,0,1,76,9,1,2,0
VIE,2008,0,0,1,77,18,1,2,0
ARM,2008,6,0,0,78,26,6,6,0
TPE,2008,4,0,0,79,92,4,4,0
AFG,2008,1,0,0,80,4,1,1,0
EGY,2008,1,0,0,81,116,1,1,0
ISR,2008,1,0,0,82,60,1,1,0
MDA,2008,1,0,0,83,30,1,1,0
MRI,2008,1,0,0,84,11,1,1,0
TOG,2008,1,0,0,85,4,1,1,0
VEN,2008,1,0,0,86,126,1,1,0
USA,2012,29,46,28,1,689,103,223,0
CHN,2012,23,38,27,2,479,88,191,0
GBR,2012,19,29,17,3,684,65,140,1
RUS,2012,32,24,26,4,549,82,156,0
KOR,2012,7,13,8,5,312,28,62,0
GER,2012,14,11,19,6,510,44,85,0
FRA,2012,13,11,11,7,426,35,68,0
ITA,2012,11,8,9,8,382,28,53,0
HUN,2012,6,8,4,9,201,18,38,0
AUS,2012,12,7,16,10,514,35,65,0
JPN,2012,17,7,14,11,399,38,66,0
KAZ,2012,5,7,1,12,132,13,28,0
NED,2012,8,6,6,13,222,20,38,0
UKR,2012,9,6,5,14,304,20,37,0
NZL,2012,5,6,2,15,204,13,27,0
CUB,2012,6,5,3,16,118,14,27,0
IRI,2012,3,4,5,17,57,12,25,0
JAM,2012,4,4,4,18,62,12,24,0
CZE,2012,3,4,3,19,159,10,21,0
PRK,2012,2,4,0,20,57,6,14,0
ESP,2012,4,3,10,21,339,17,33,0
BRA,2012,9,3,5,22,306,17,28,0
RSA,2012,1,3,2,23,145,6,14,0
ETH,2012,3,3,1,24,34,7,14,0
CRO,2012,2,3,1,25,118,6,13,0
BLR,2012,5,2,5,26,185,12,21,0
ROU,2012,2,2,5,27,155,9,18,0
KEN,2012,5,2,4,28,51,11,19,0
DEN,2012,3,2,4,29,149,9,17,0
AZE,2012,6,2,2,30,59,10,16,0
POL,2012,6,2,2,31,256,10,16,0
TUR,2012,1,2,2,32,119,5,11,0
SUI,2012,0,2,2,33,126,4,10,0
LTU,2012,2,2,1,34,72,5,10,0
NOR,2012,1,2,1,35,69,4,9,0
CAN,2012,12,1,5,36,354,18,25,0
SWE,2012,3,1,4,37,168,8,14,0
COL,2012,4,1,3,38,120,8,13,0
GEO,2012,3,1,3,39,36,7,12,0
MEX,2012,3,1,3,40,119,7,12,0
IRL,2012,3,1,1,41,76,5,8,0
ARG,2012,2,1,1,42,148,4,7,0
SLO,2012,2,1,1,43,78,4,7,0
SRB,2012,2,1,1,44,134,4,7,0
TTO,2012,2,1,1,45,38,4,7,0
TUN,2012,1,1,1,46,87,3,6,0
DOM,2012,0,1,1,47,36,2,5,0
UZB,2012,2,1,0,48,56,3,5,0
LAT,2012,1,1,0,49,50,2,4,0
ALG,2012,0,1,0,50,39,1,3,0
BAH,2012,0,1,0,51,29,1,3,0
GRN,2012,0,1,0,52,8,1,3,0
UGA,2012,0,1,0,53,16,1,3,0
VEN,2012,0,1,0,54,85,1,3,0
IND,2012,4,0,2,55,95,6,8,0
MGL,2012,3,0,2,56,32,5,7,0
THA,2012,1,0,2,57,43,3,5,0
EGY,2012,0,0,2,58,132,2,4,0
SVK,2012,3,0,1,59,65,4,5,0
ARM,2012,2,0,1,60,31,3,4,0
BEL,2012,2,0,1,61,142,3,4,0
FIN,2012,2,0,1,62,69,3,4,0
BUL,2012,1,0,1,63,75,2,3,0
EST,2012,1,0,1,64,36,2,3,0
INA,2012,1,0,1,65,22,2,3,0
MAS,2012,1,0,1,66,38,2,3,0
PUR,2012,1,0,1,67,28,2,3,0
TPE,2012,1,0,1,68,55,2,3,0
BOT,2012,0,0,1,69,4,1,2,0
CYP,2012,0,0,1,70,13,1,2,0
GAB,2012,0,0,1,71,21,1,2,0
GUA,2012,0,0,1,72,24,1,2,0
MNE,2012,0,0,1,73,34,1,2,0
POR,2012,0,0,1,74,98,1,2,0
GRE,2012,2,0,0,75,115,2,2,0
MDA,2012,2,0,0,76,20,2,2,0
QAT,2012,2,0,0,77,14,2,2,0
SGP,2012,2,0,0,78,36,2,2,0
AFG,2012,1,0,0,79,6,1,1,0
BRN,2012,1,0,0,80,14,1,1,0
HKG,2012,1,0,0,81,55,1,1,0
KSA,2012,1,0,0,82,23,1,1,0
KUW,2012,1,0,0,83,12,1,1,0
MAR,2012,1,0,0,84,67,1,1,0
TJK,2012,1,0,0,85,16,1,1,0
USA,2016,38,46,37,1,719,121,250,0
GBR,2016,17,27,23,2,478,67,144,0
CHN,2016,26,26,18,3,499,70,140,0
RUS,2016,20,19,17,4,406,56,111,0
GER,2016,15,17,10,5,536,42,86,0
JPN,2016,21,12,8,6,436,41,73,0
FRA,2016,14,10,18,7,512,42,80,0
KOR,2016,9,9,3,8,263,21,42,0
ITA,2016,8,8,12,9,399,28,56,0
AUS,2016,10,8,11,10,518,29,56,0
NED,2016,4,8,7,11,329,19,42,0
HUN,2016,4,8,3,12,204,15,34,0
BRA,2016,6,7,6,13,583,19,39,1
ESP,2016,6,7,4,14,363,17,35,0
KEN,2016,1,6,6,15,80,13,31,0
JAM,2016,2,6,3,16,77,11,26,0
CRO,2016,2,5,3,17,93,10,23,0
CUB,2016,4,5,2,18,143,11,23,0
NZL,2016,5,4,9,19,232,18,35,0
CAN,2016,15,4,3,20,405,22,33,0
UZB,2016,7,4,2,21,80,13,23,0
KAZ,2016,10,3,5,22,123,18,29,0
COL,2016,3,3,2,23,157,8,16,0
SUI,2016,2,3,2,24,152,7,15,0
IRI,2016,4,3,1,25,67,8,15,0
GRE,2016,2,3,1,26,104,6,13,0
ARG,2016,0,3,1,27,232,4,11,0
DEN,2016,7,2,6,28,143,15,25,0
SWE,2016,3,2,6,29,186,11,21,0
RSA,2016,2,2,6,30,155,10,20,0
UKR,2016,4,2,5,31,272,11,20,0
SRB,2016,2,2,4,32,127,8,16,0
POL,2016,6,2,3,33,289,11,18,0
PRK,2016,2,2,3,34,38,7,14,0
BEL,2016,2,2,2,35,138,6,12,0
THA,2016,2,2,2,36,58,6,12,0
SVK,2016,0,2,2,37,63,4,10,0
GEO,2016,4,2,1,38,45,7,12,0
AZE,2016,10,1,7,39,69,18,27,0
BLR,2016,4,1,4,40,142,9,15,0
TUR,2016,4,1,3,41,119,8,13,0
ARM,2016,0,1,3,42,34,4,9,0
CZE,2016,7,1,2,43,135,10,14,0
ETH,2016,5,1,2,44,38,8,12,0
SLO,2016,1,1,2,45,70,4,8,0
INA,2016,0,1,2,46,31,3,7,0
ROU,2016,2,1,1,47,121,4,7,0
BRN,2016,0,1,1,48,33,2,5,0
VIE,2016,0,1,1,49,28,2,5,0
TPE,2016,2,1,0,50,67,3,5,0
BAH,2016,1,1,0,51,38,2,4,0
CIV,2016,1,1,0,52,15,2,4,0
IOA,2016,1,1,0,53,9,2,4,0
FIJ,2016,0,1,0,54,53,1,3,0
JOR,2016,0,1,0,55,8,1,3,0
KOS,2016,0,1,0,56,8,1,3,0
PUR,2016,0,1,0,57,41,1,3,0
SGP,2016,0,1,0,58,32,1,3,0
TJK,2016,0,1,0,59,7,1,3,0
MAS,2016,1,0,4,60,42,5,9,0
MEX,2016,2,0,3,61,139,5,8,0
ALG,2016,0,0,2,62,74,2,4,0
IRL,2016,0,0,2,63,93,2,4,0
LTU,2016,3,0,1,64,80,4,5,0
BUL,2016,2,0,1,65,58,3,4,0
VEN,2016,2,0,1,66,105,3,4,0
IND,2016,1,0,1,67,130,2,3,0
MGL,2016,1,0,1,68,46,2,3,0
BDI,2016,0,0,1,69,10,1,2,0
GRN,2016,0,0,1,70,6,1,2,0
NIG,2016,0,0,1,71,6,1,2,0
PHI,2016,0,0,1,72,13,1,2,0
QAT,2016,0,0,1,73,42,1,2,0
NOR,2016,4,0,0,74,77,4,4,0
EGY,2016,3,0,0,75,137,3,3,0
TUN,2016,3,0,0,76,65,3,3,0
ISR,2016,2,0,0,77,59,2,2,0
AUT,2016,1,0,0,78,85,1,1,0
DOM,2016,1,0,0,79,30,1,1,0
EST,2016,1,0,0,80,49,1,1,0
FIN,2016,1,0,0,81,67,1,1,0
MAR,2016,1,0,0,82,52,1,1,0
NGR,2016,1,0,0,83,77,1,1,0
POR,2016,1,0,0,84,106,1,1,0
TTO,2016,1,0,0,85,43,1,1,0
UAE,2016,1,0,0,86,12,1,1,0
CHN,2020,18,37,30,1,574,85,189,0
USA,2020,33,35,41,2,856,109,220,0
JPN,2020,16,27,14,3,787,57,125,1
GBR,2020,22,22,21,4,548,65,130,0
ROC,2020,23,20,25,5,561,68,133,0
AUS,2020,22,16,7,6,638,45,84,0
NED,2020,14,10,12,7,391,36,68,0
GER,2020,16,10,11,8,597,37,68,0
ITA,2020,20,10,10,9,524,40,70,0
FRA,2020,11,9,12,10,538,32,62,0
CAN,2020,11,7,6,11,509,24,44,0
BRA,2020,8,7,6,12,416,21,41,0
NZL,2020,7,7,6,13,279,20,40,0
CUB,2020,5,7,3,14,82,15,32,0
HUN,2020,7,6,7,15,237,20,39,0
KOR,2020,10,6,4,16,338,20,36,0
POL,2020,5,4,5,17,282,14,27,0
CZE,2020,3,4,4,18,151,11,23,0
KEN,2020,2,4,4,19,89,10,22,0
NOR,2020,2,4,2,20,112,8,18,0
JAM,2020,4,4,1,21,87,9,18,0
ESP,2020,6,3,8,22,429,17,31,0
SWE,2020,0,3,6,23,173,9,21,0
SUI,2020,6,3,4,24,196,13,23,0
DEN,2020,4,3,4,25,138,11,21,0
CRO,2020,2,3,3,26,74,8,17,0
IRI,2020,2,3,2,27,76,7,15,0
SRB,2020,5,3,1,28,110,9,16,0
BEL,2020,3,3,1,29,185,7,14,0
BUL,2020,2,3,1,30,56,6,13,0
SLO,2020,1,3,1,31,64,5,12,0
UZB,2020,2,3,0,32,85,5,11,0
GEO,2020,1,2,5,33,36,8,17,0
TPE,2020,6,2,4,34,117,12,20,0
TUR,2020,9,2,2,35,139,13,19,0
GRE,2020,1,2,1,36,100,4,9,0
UGA,2020,1,2,1,37,28,4,9,0
ECU,2020,0,2,1,38,52,3,8,0
IRL,2020,2,2,0,39,150,4,8,0
ISR,2020,2,2,0,40,128,4,8,0
QAT,2020,1,2,0,41,17,3,7,0
BAH,2020,0,2,0,42,22,2,6,0
KOS,2020,0,2,0,43,11,2,6,0
UKR,2020,12,1,6,44,225,19,27,0
BLR,2020,3,1,3,45,137,7,12,0
ROU,2020,0,1,3,46,119,4,9,0
VEN,2020,0,1,3,47,47,4,9,0
IND,2020,4,1,2,48,151,7,11,0
HKG,2020,3,1,2,49,65,6,10,0
PHI,2020,1,1,2,50,27,4,8,0
SVK,2020,1,1,2,51,56,4,8,0
RSA,2020,0,1,2,52,211,3,7,0
AUT,2020,5,1,1,53,103,7,10,0
EGY,2020,4,1,1,54,195,6,9,0
INA,2020,3,1,1,55,35,5,8,0
ETH,2020,2,1,1,56,38,4,7,0
POR,2020,2,1,1,57,113,4,7,0
TUN,2020,0,1,1,58,73,2,5,0
EST,2020,1,1,0,59,42,2,4,0
FIJ,2020,1,1,0,60,32,2,4,0
LAT,2020,1,1,0,61,38,2,4,0
THA,2020,1,1,0,62,48,2,4,0
BER,2020,0,1,0,63,2,1,3,0
MAR,2020,0,1,0,64,51,1,3,0
PUR,2020,0,1,0,65,39,1,3,0
COL,2020,1,0,4,66,77,5,9,0
AZE,2020,4,0,3,67,55,7,10,0
DOM,2020,2,0,3,68,69,5,8,0
ARM,2020,2,0,2,69,19,4,6,0
KGZ,2020,1,0,2,70,17,3,5,0
MGL,2020,3,0,1,71,61,4,5,0
SMR,2020,2,0,1,72,8,3,4,0
ARG,2020,1,0,1,73,208,2,3,0
JOR,2020,1,0,1,74,15,2,3,0
MAS,2020,1,0,1,75,47,2,3,0
NGR,2020,1,0,1,76,68,2,3,0
BRN,2020,0,0,1,77,33,1,2,0
KSA,2020,0,0,1,78,33,1,2,0
LTU,2020,0,0,1,79,59,1,2,0
MKD,2020,0,0,1,80,8,1,2,0
NAM,2020,0,0,1,81,11,1,2,0
TKM,2020,0,0,1,82,10,1,2,0
KAZ,2020,8,0,0,83,116,8,8,0
MEX,2020,4,0,0,84,196,4,4,0
FIN,2020,2,0,0,85,49,2,2,0
BOT,2020,1,0,0,86,16,1,1,0
BUR,2020,1,0,0,87,8,1,1,0
CIV,2020,1,0,0,88,32,1,1,0
GHA,2020,1,0,0,89,16,1,1,0
GRN,2020,1,0,0,90,6,1,1,0
KUW,2020,1,0,0,91,10,1,1,0
MDA,2020,1,0,0,92,26,1,1,0
SYR,2020,1,0,0,93,6,1,1,0
CHN,2024,24,38,26,1,398,88,190,0
USA,2024,39,37,42,2,619,118,234,0
JPN,2024,13,20,12,3,431,45,97,0
AUS,2024,16,18,18,4,475,52,106,0
NED,2024,12,14,7,5,290,33,68,0
GBR,2024,28,13,22,6,343,63,111,0
FRA,2024,22,13,22,7,601,57,105,1
KOR,2024,10,13,9,8,147,32,67,0
ITA,2024,13,12,11,9,397,36,71,0
GER,2024,8,11,10,10,457,29,61,0
NZL,2024,3,10,7,11,208,20,47,0
CAN,2024,11,9,6,12,332,26,50,0
UZB,2024,3,8,2,13,88,13,31,0
HUN,2024,5,6,7,14,177,18,37,0
ESP,2024,9,5,4,15,401,18,32,0
SWE,2024,3,4,4,16,125,11,23,0
KEN,2024,5,4,2,17,74,11,21,0
NOR,2024,3,4,1,18,109,8,17,0
BRA,2024,10,3,6,19,290,19,31,0
IRI,2024,3,3,6,20,41,12,24,0
UKR,2024,4,3,5,21,141,12,23,0
ROU,2024,2,3,4,22,96,9,19,0
GEO,2024,1,3,3,23,28,7,16,0
BEL,2024,5,3,1,24,177,9,16,0
BUL,2024,3,3,1,25,46,7,14,0
SRB,2024,1,3,1,26,114,5,12,0
CZE,2024,2,3,0,27,111,5,11,0
IRL,2024,2,3,0,28,143,5,11,0
DEN,2024,5,2,2,29,131,9,15,0
AZE,2024,3,2,2,30,48,7,13,0
CRO,2024,3,2,2,31,73,7,13,0
CUB,2024,6,2,1,32,61,9,14,0
BRN,2024,1,2,1,33,14,4,9,0
SLO,2024,0,2,1,34,95,3,8,0
TPE,2024,5,2,0,35,60,7,11,0
AUT,2024,3,2,0,36,84,5,9,0
HKG,2024,2,2,0,37,34,4,8,0
PHI,2024,2,2,0,38,22,4,8,0
ALG,2024,1,2,0,39,46,3,7,0
INA,2024,1,2,0,40,29,3,7,0
ISR,2024,1,1,5,41,89,7,14,0
POL,2024,5,1,4,42,226,10,16,0
KAZ,2024,3,1,3,43,79,7,12,0
JAM,2024,2,1,3,44,65,6,11,0
RSA,2024,2,1,3,45,141,6,11,0
THA,2024,2,1,3,46,52,6,11,0
AIN,2024,1,1,3,47,32,5,10,0
ETH,2024,0,1,3,48,33,4,9,0
SUI,2024,4,1,2,49,137,7,11,0
ECU,2024,2,1,2,50,40,5,9,0
POR,2024,1,1,2,51,75,4,8,0
GRE,2024,6,1,1,52,100,8,11,0
ARG,2024,1,1,1,53,143,3,6,0
EGY,2024,1,1,1,54,157,3,6,0
TUN,2024,1,1,1,55,26,3,6,0
BOT,2024,0,1,1,56,14,2,5,0
CHI,2024,0,1,1,57,48,2,5,0
LCA,2024,0,1,1,58,4,2,5,0
UGA,2024,0,1,1,59,25,2,5,0
DOM,2024,2,1,0,60,59,3,5,0
GUA,2024,1,1,0,61,16,2,4,0
MAR,2024,1,1,0,62,61,2,4,0
DMA,2024,0,1,0,63,4,1,3,0
PAK,2024,0,1,0,64,7,1,3,0
TUR,2024,5,0,3,65,101,8,11,0
MEX,2024,2,0,3,66,108,5,8,0
ARM,2024,1,0,3,67,15,4,7,0
COL,2024,1,0,3,68,88,4,7,0
KGZ,2024,4,0,2,69,16,6,8,0
PRK,2024,4,0,2,70,14,6,8,0
LTU,2024,2,0,2,71,51,4,6,0
IND,2024,5,0,1,72,112,6,7,0
MDA,2024,3,0,1,73,26,4,5,0
KOS,2024,1,0,1,74,9,2,3,0
CYP,2024,0,0,1,75,15,1,2,0
FIJ,2024,0,0,1,76,36,1,2,0
JOR,2024,0,0,1,77,12,1,2,0
MGL,2024,0,0,1,78,32,1,2,0
PAN,2024,0,0,1,79,8,1,2,0
TJK,2024,3,0,0,80,14,3,3,0
ALB,2024,2,0,0,81,8,2,2,0
GRN,2024,2,0,0,82,6,2,2,0
MAS,2024,2,0,0,83,26,2,2,0
PUR,2024,2,0,0,84,51,2,2,0
CIV,2024,1,0,0,85,13,1,1,0
CPV,2024,1,0,0,86,7,1,1,0
EOR,2024,1,0,0,87,37,1,1,0
PER,2024,1,0,0,88,26,1,1,0
QAT,2024,1,0,0,89,13,1,1,0
SGP,2024,1,0,0,90,23,1,1,0
SVK,2024,1,0,0,91,28,1,1,0
ZAM,2024,1,0,0,92,31,1,1,0
