Country,NOC,Year,Bronze,Gold,Silver,Ranking,Delegation,Total,Total Ponderado,Host,PIB
Afghanistan,AFG,2008,1,0,0,80,4,1,1,0,389.6041533915204
Afghanistan,AFG,2012,1,0,0,79,6,1,1,0,649.7109776084434
Albania,ALB,2024,2,0,0,81,8,2,2,0,
Algeria,ALG,1984,2,0,0,42,33,2,2,0,2469.3401350414933
Algeria,ALG,1992,1,1,0,34,36,2,4,0,1835.838093912394
Algeria,ALG,1996,1,2,0,34,47,3,7,0,1615.900704455782
Algeria,ALG,2000,3,1,1,42,51,5,8,0,1776.3629601357227
Algeria,ALG,2008,1,0,1,64,57,2,3,0,4946.56379325356
Algeria,ALG,2012,0,1,0,50,39,1,3,0,5610.733340716971
Algeria,ALG,2016,0,0,2,62,74,2,4,0,3967.2005462671946
Algeria,ALG,2024,1,2,0,39,46,3,7,0,
Argentina,ARG,1924,2,1,3,16,109,6,11,0,
Argentina,ARG,1928,1,3,3,12,98,7,16,0,
Argentina,ARG,1932,0,3,1,12,47,4,11,0,
Argentina,ARG,1936,3,2,2,14,68,7,13,0,
Argentina,ARG,1948,1,3,3,13,295,7,16,0,
Argentina,ARG,1952,2,1,2,19,174,5,9,0,
Argentina,ARG,1956,1,0,1,29,44,2,3,0,
Argentina,ARG,1960,1,0,1,30,116,2,3,0,
Argentina,ARG,1964,0,0,1,30,148,1,2,0,
Argentina,ARG,1968,2,0,0,41,132,2,2,0,
Argentina,ARG,1972,0,0,1,33,123,1,2,0,1556.526578693246
Argentina,ARG,1988,1,0,1,35,134,2,3,0,4339.181337290466
Argentina,ARG,1992,1,0,0,54,111,1,1,0,7385.823248741457
Argentina,ARG,1996,1,0,2,54,221,3,5,0,8336.707754477358
Argentina,ARG,2000,2,0,2,57,165,4,6,0,8312.430527259381
Argentina,ARG,2004,4,2,0,38,179,6,10,0,4291.515836936152
Argentina,ARG,2008,4,2,0,35,145,6,10,0,9078.970896664683
Argentina,ARG,2012,2,1,1,42,148,4,7,0,13859.31173111875
Argentina,ARG,2016,0,3,1,27,232,4,11,0,12767.45535424453
Argentina,ARG,2020,1,0,1,73,208,2,3,0,8565.153125826326
Argentina,ARG,2024,1,1,1,53,143,3,6,0,
Armenia,ARM,1996,0,1,1,45,38,2,5,0,
Armenia,ARM,2000,1,0,0,71,26,1,1,0,
Armenia,ARM,2008,6,0,0,78,26,6,6,0,
Armenia,ARM,2012,2,0,1,60,31,3,4,0,
Armenia,ARM,2016,0,1,3,42,34,4,9,0,
Armenia,ARM,2020,2,0,2,69,19,4,6,0,
Armenia,ARM,2024,1,0,3,67,15,4,7,0,
Australia,AUS,1896,1,2,0,8,5,3,7,0,
Australia,AUS,1900,3,3,0,8,6,6,12,0,
Australia,AUS,1904,1,0,3,11,6,4,7,0,
Australia,AUS,1920,1,0,2,16,29,3,5,0,
Australia,AUS,1924,2,3,1,11,60,6,13,0,
Australia,AUS,1928,1,1,2,20,29,4,8,0,
Australia,AUS,1932,1,3,1,11,20,5,12,0,
Australia,AUS,1936,1,0,0,30,39,1,1,0,
Australia,AUS,1948,5,2,6,14,103,13,23,0,
Australia,AUS,1952,3,6,2,9,140,11,25,0,
Australia,AUS,1956,14,13,8,3,412,35,69,1,
Australia,AUS,1960,6,8,8,5,280,22,46,0,
Australia,AUS,1964,10,6,2,8,392,18,32,0,
Australia,AUS,1968,5,5,7,9,224,17,34,0,
Australia,AUS,1972,2,8,7,6,266,17,40,0,4466.1830338520895
Australia,AUS,1976,4,0,1,32,274,5,6,0,8374.850181206442
Australia,AUS,1980,5,2,2,15,190,9,15,0,11796.30075025998
Australia,AUS,1984,12,4,8,14,337,24,40,0,13264.998647736038
Australia,AUS,1988,5,3,6,15,339,14,26,0,17411.17866928958
Australia,AUS,1992,11,7,9,10,390,27,50,0,18682.18240423661
Australia,AUS,1996,23,9,9,7,550,41,68,0,23919.690830405623
Australia,AUS,2000,17,16,25,4,788,58,115,1,21565.36570214372
Australia,AUS,2004,17,17,16,4,601,50,100,0,34157.79194154884
Australia,AUS,2008,17,14,15,6,570,46,89,0,49797.81138994132
Australia,AUS,2012,12,7,16,10,514,35,65,0,70036.82589041715
Australia,AUS,2016,10,8,11,10,518,29,56,0,54054.216565012925
Australia,AUS,2020,22,16,7,6,638,45,84,0,56001.55306410771
Australia,AUS,2024,16,18,18,4,475,52,106,0,
Austria,AUT,1896,2,2,1,7,8,5,10,0,
Austria,AUT,1900,3,0,3,19,26,6,9,0,
Austria,AUT,1904,1,2,1,5,7,4,9,0,
Austria,AUT,1908,1,0,0,19,13,1,1,0,
Austria,AUT,1912,2,0,2,18,132,4,6,0,
Austria,AUT,1924,1,0,3,22,56,4,7,0,
Austria,AUT,1928,1,3,0,14,113,4,10,0,
Austria,AUT,1932,3,1,1,18,33,5,8,0,
Austria,AUT,1936,5,5,7,10,363,17,34,0,
Austria,AUT,1948,4,2,2,15,239,8,14,0,
Austria,AUT,1952,1,0,1,32,238,2,3,0,
Austria,AUT,1956,2,0,0,34,57,2,2,0,
Austria,AUT,1960,0,1,1,18,198,2,5,0,
Austria,AUT,1968,2,0,2,32,59,4,6,0,
Austria,AUT,1972,2,0,1,31,143,3,4,0,2924.947591542282
Austria,AUT,1976,1,0,0,37,73,1,1,0,5679.783584274304
Austria,AUT,1980,1,1,2,21,92,4,8,0,10871.766858723737
Austria,AUT,1984,1,1,1,22,130,3,6,0,8994.376267521866
Austria,AUT,1988,0,1,0,29,96,1,3,0,17581.44322026578
Austria,AUT,1992,0,0,2,41,127,2,4,0,24879.014637212684
Austria,AUT,1996,2,0,1,57,92,3,4,0,29814.47108575082
Austria,AUT,2000,0,2,1,32,114,3,8,0,24567.929177726503
Austria,AUT,2004,1,2,4,27,92,7,15,0,36826.49700379036
Austria,AUT,2008,2,0,1,61,93,3,4,0,51712.9494845637
Austria,AUT,2016,1,0,0,78,85,1,1,0,45277.76946741151
Austria,AUT,2020,5,1,1,53,103,7,10,0,48839.26898436463
Austria,AUT,2024,3,2,0,36,84,5,9,0,
Azerbaijan,AZE,1996,0,0,1,61,24,1,2,0,
Azerbaijan,AZE,2000,1,2,0,34,32,3,7,0,
Azerbaijan,AZE,2004,4,1,0,50,37,5,7,0,
Azerbaijan,AZE,2008,4,1,2,39,44,7,11,0,
Azerbaijan,AZE,2012,6,2,2,30,59,10,16,0,
Azerbaijan,AZE,2016,10,1,7,39,69,18,27,0,
Azerbaijan,AZE,2020,4,0,3,67,55,7,10,0,
Azerbaijan,AZE,2024,3,2,2,30,48,7,13,0,
Bahamas,BAH,1956,1,0,0,35,5,1,1,0,
Bahamas,BAH,1964,0,1,0,24,12,1,3,0,
Bahamas,BAH,1992,1,0,0,55,18,1,1,0,16605.79133463133
Bahamas,BAH,1996,0,0,1,62,36,1,2,0,19225.58057015804
Bahamas,BAH,2000,1,2,0,35,39,3,7,0,24849.698782206306
Bahamas,BAH,2004,1,1,0,52,28,2,4,0,26393.44310076977
Bahamas,BAH,2008,1,0,1,65,33,2,3,0,29013.630287076725
Bahamas,BAH,2012,0,1,0,51,29,1,3,0,28059.51302802432
Bahamas,BAH,2016,1,1,0,51,38,2,4,0,30124.37615411035
Bahamas,BAH,2020,0,2,0,42,22,2,6,0,23998.168238324502
Bahrain,BRN,2012,1,0,0,80,14,1,1,0,25102.639500954392
Bahrain,BRN,2016,0,1,1,48,33,2,5,0,22867.275453444992
Bahrain,BRN,2020,0,0,1,77,33,1,2,0,23433.491494360183
Bahrain,BRN,2024,1,2,1,33,14,4,9,0,
Barbados,BAR,2000,1,0,0,72,28,1,1,0,11910.154925053936
Belarus,BLR,1996,8,1,6,37,259,15,23,0,
Belarus,BLR,2000,11,3,3,23,231,17,26,0,
Belarus,BLR,2004,6,2,5,26,192,13,22,0,
Belarus,BLR,2008,9,4,5,16,237,18,31,0,
Belarus,BLR,2012,5,2,5,26,185,12,21,0,
Belarus,BLR,2016,4,1,4,40,142,9,15,0,
Belarus,BLR,2020,3,1,3,45,137,7,12,0,
Belgium,BEL,1900,5,6,7,4,100,18,37,0,
Belgium,BEL,1908,2,1,5,10,99,8,15,0,
Belgium,BEL,1912,3,2,1,13,72,6,11,0,
Belgium,BEL,1920,14,16,12,3,518,42,86,1,
Belgium,BEL,1924,3,3,7,10,234,13,26,0,
Belgium,BEL,1928,2,0,1,30,260,3,4,0,
Belgium,BEL,1932,1,0,0,26,69,1,1,0,
Belgium,BEL,1936,3,0,0,28,205,3,3,0,
Belgium,BEL,1948,3,2,2,16,182,7,13,0,
Belgium,BEL,1952,0,2,2,14,184,4,10,0,
Belgium,BEL,1956,0,0,2,28,82,2,4,0,
Belgium,BEL,1960,2,0,2,26,150,4,6,0,
Belgium,BEL,1964,1,2,0,20,74,3,7,0,
Belgium,BEL,1968,1,0,1,36,106,2,3,0,
Belgium,BEL,1972,0,0,2,29,106,2,4,0,3835.9291458247176
Belgium,BEL,1976,3,0,3,28,149,6,9,0,7276.188739394809
Belgium,BEL,1980,0,1,0,23,84,1,3,0,12903.921789726646
Belgium,BEL,1984,2,1,1,21,86,4,7,0,8441.50300615848
Belgium,BEL,1988,2,0,0,44,85,2,2,0,16364.765338614852
Belgium,BEL,1992,2,0,1,44,103,3,4,0,23440.61627935997
Belgium,BEL,1996,2,2,2,31,81,6,12,0,27579.704178333843
Belgium,BEL,2000,3,0,2,55,94,5,7,0,23012.1257192404
Belgium,BEL,2004,2,1,0,51,70,3,5,0,35247.44366879215
Belgium,BEL,2008,0,1,1,46,112,2,5,0,48033.58362425791
Belgium,BEL,2012,2,0,1,61,142,3,4,0,44980.05693322331
Belgium,BEL,2016,2,2,2,35,138,6,12,0,42038.21534258859
Belgium,BEL,2020,3,3,1,29,185,7,14,0,45517.82664697592
Belgium,BEL,2024,5,3,1,24,177,9,16,0,
Botswana,BOT,2012,0,0,1,69,4,1,2,0,6410.927622412456
Botswana,BOT,2020,1,0,0,86,16,1,1,0,5863.185477700797
Botswana,BOT,2024,0,1,1,56,14,2,5,0,
Brazil,BRA,1920,1,1,1,15,38,3,6,0,
Brazil,BRA,1948,1,0,0,35,105,1,1,0,
Brazil,BRA,1952,2,1,0,24,119,3,5,0,
Brazil,BRA,1956,0,1,0,24,63,1,3,0,
Brazil,BRA,1960,2,0,0,39,86,2,2,0,
Brazil,BRA,1964,1,0,0,35,65,1,1,0,
Brazil,BRA,1968,2,0,1,35,89,3,4,0,
Brazil,BRA,1972,2,0,0,41,104,2,2,0,502.6491673100134
Brazil,BRA,1976,2,0,0,36,89,2,2,0,1153.288404746201
Brazil,BRA,1980,2,2,0,17,149,4,8,0,1440.6411143849368
Brazil,BRA,1984,2,1,5,19,197,8,15,0,1313.666953221417
Brazil,BRA,1988,3,1,2,24,233,6,10,0,1909.387088370732
Brazil,BRA,1992,0,2,1,25,233,3,8,0,2337.144996482818
Brazil,BRA,1996,9,3,3,25,251,15,24,0,5141.284881527483
Brazil,BRA,2000,6,0,6,53,236,12,18,0,3726.811200051509
Brazil,BRA,2004,3,5,2,16,318,10,22,0,3623.2235106675594
Brazil,BRA,2008,9,3,4,23,338,16,26,0,8801.75922357592
Brazil,BRA,2012,9,3,5,22,306,17,28,0,12327.515555834529
Brazil,BRA,2016,6,7,6,13,583,19,39,1,8680.735420548273
Brazil,BRA,2020,8,7,6,12,416,21,41,0,6923.700197150645
Brazil,BRA,2024,10,3,6,19,290,19,31,0,
Bulgaria,BUL,1952,1,0,0,40,179,1,1,0,
Bulgaria,BUL,1956,1,1,3,19,82,5,10,0,
Bulgaria,BUL,1960,3,1,3,15,183,7,12,0,
Bulgaria,BUL,1964,2,3,5,11,116,10,21,0,
Bulgaria,BUL,1968,3,2,4,18,189,9,17,0,
Bulgaria,BUL,1972,5,6,10,9,226,21,43,0,1196.2326877938133
Bulgaria,BUL,1976,7,6,9,7,254,22,43,0,1418.1451133696096
Bulgaria,BUL,1980,17,8,16,3,397,41,73,0,1206.1104499997884
Bulgaria,BUL,1988,13,10,12,7,281,35,67,0,2475.4599947329566
Bulgaria,BUL,1992,6,3,7,18,236,16,29,0,1093.1270834000748
Bulgaria,BUL,1996,5,3,7,22,181,15,28,0,1463.423210443383
Bulgaria,BUL,2000,2,5,6,16,150,13,29,0,1635.7749010019202
Bulgaria,BUL,2004,9,2,1,33,119,12,17,0,3325.708294163087
Bulgaria,BUL,2008,3,1,1,42,87,5,8,0,7098.537940959114
Bulgaria,BUL,2012,1,0,1,63,75,2,3,0,7250.87330469753
Bulgaria,BUL,2016,2,0,1,65,58,3,4,0,7442.667846404579
Bulgaria,BUL,2020,2,3,1,30,56,6,13,0,10058.97964973668
Bulgaria,BUL,2024,3,3,1,25,46,7,14,0,
Burkina Faso,BUR,2020,1,0,0,87,8,1,1,0,840.2501425190061
Burundi,BDI,1996,0,1,0,49,7,1,3,0,146.52387179597318
Burundi,BDI,2016,0,0,1,69,10,1,2,0,268.73329105081075
Cameroon,CMR,1968,0,0,1,39,5,1,2,0,
Cameroon,CMR,1984,1,0,0,43,56,1,1,0,1027.008279226202
Cameroon,CMR,2000,0,1,0,50,39,1,3,0,698.4242799560174
Cameroon,CMR,2004,0,1,0,54,19,1,3,0,1117.97366317709
Cameroon,CMR,2008,0,1,0,53,32,1,3,0,1470.0589186038435
Canada,CAN,1900,1,1,0,13,7,2,4,0,
Canada,CAN,1904,1,4,1,3,61,6,15,0,
Canada,CAN,1908,10,3,3,7,148,16,25,0,
Canada,CAN,1912,3,3,2,10,60,8,16,0,
Canada,CAN,1920,3,3,3,12,85,9,18,0,
Canada,CAN,1924,1,0,3,23,83,4,7,0,
Canada,CAN,1928,7,4,4,11,113,15,27,0,
Canada,CAN,1932,9,2,5,13,191,16,25,0,
Canada,CAN,1936,5,1,3,17,167,9,14,0,
Canada,CAN,1948,2,0,2,25,188,4,6,0,
Canada,CAN,1952,0,1,2,21,154,3,7,0,
Canada,CAN,1956,3,2,1,15,150,6,11,0,
Canada,CAN,1960,0,0,1,32,140,1,2,0,
Canada,CAN,1964,1,1,2,22,194,4,8,0,
Canada,CAN,1968,1,1,3,23,291,5,10,0,
Canada,CAN,1972,3,0,2,27,344,5,7,0,5165.075377658743
Canada,CAN,1976,6,0,5,27,531,11,16,1,8912.453524641529
Canada,CAN,1984,16,10,18,6,572,44,82,0,13933.541780636891
Canada,CAN,1988,5,3,2,19,503,10,18,0,18995.91134776432
Canada,CAN,1992,7,7,4,11,445,18,36,0,20967.355436532514
Canada,CAN,1996,8,3,11,21,408,22,39,0,21309.24706875494
Canada,CAN,2000,8,3,3,24,422,14,23,0,24272.92606245715
Canada,CAN,2004,3,3,6,21,391,12,24,0,32172.573788172744
Canada,CAN,2008,7,3,9,19,449,19,34,0,46748.965017942704
Canada,CAN,2012,12,1,5,36,354,18,25,0,52712.203303020826
Canada,CAN,2016,15,4,3,20,405,22,33,0,42317.786112998176
Canada,CAN,2020,11,7,6,11,509,24,44,0,43485.212870238734
Canada,CAN,2024,11,9,6,12,332,26,50,0,
Cape Verde,CPV,2024,1,0,0,86,7,1,1,0,
Chile,CHI,1928,0,0,1,31,46,1,2,0,
Chile,CHI,1952,0,0,2,31,82,2,4,0,
Chile,CHI,1956,2,0,2,27,43,4,6,0,
Chile,CHI,1988,0,0,1,37,23,1,2,0,2153.0566388351326
Chile,CHI,2000,1,0,0,73,58,1,1,0,5104.493114561978
Chile,CHI,2004,1,2,0,39,29,3,7,0,6196.768923524219
Chile,CHI,2008,0,0,1,70,29,1,2,0,10781.674973790228
Chile,CHI,2024,0,1,1,57,48,2,5,0,
China,CHN,1984,9,15,8,4,323,32,70,0,300.4512233173239
China,CHN,1988,12,5,11,11,427,28,49,0,365.48862888302034
China,CHN,1992,15,16,22,4,394,53,107,0,416.5666238731589
China,CHN,1996,12,16,22,4,438,50,104,0,703.2075041846012
China,CHN,2000,14,28,16,3,414,58,130,0,958.2565030140768
China,CHN,2004,14,32,17,2,518,63,144,0,1507.8054314304811
China,CHN,2008,28,51,21,1,730,100,223,1,3453.9586737269888
China,CHN,2012,23,38,27,2,479,88,191,0,6243.546749260665
China,CHN,2016,26,26,18,3,499,70,140,0,8012.979391814501
China,CHN,2020,18,37,30,1,574,85,189,0,10307.696388141958
China,CHN,2024,24,38,26,1,398,88,190,0,
Colombia,COL,1900,0,0,1,23,1,1,2,0,
Colombia,COL,1972,2,0,1,32,75,3,4,0,557.2466948209818
Colombia,COL,1984,0,0,1,34,48,1,2,0,1872.667192076919
Colombia,COL,1988,1,0,0,46,57,1,1,0,1761.6904424585307
Colombia,COL,1992,1,0,0,56,61,1,1,0,1826.412385877893
Colombia,COL,2000,0,1,0,51,54,1,3,0,2530.4106894197325
Colombia,COL,2004,2,0,0,68,71,2,2,0,2793.032635977993
Colombia,COL,2008,1,0,1,66,90,2,3,0,5527.449952771907
Colombia,COL,2012,4,1,3,38,120,8,13,0,8101.829091779118
Colombia,COL,2016,3,3,2,23,157,8,16,0,5938.463855858723
Colombia,COL,2020,1,0,4,66,77,5,9,0,5302.023428015621
Colombia,COL,2024,1,0,3,68,88,4,7,0,
Costa Rica,CRC,1988,0,0,1,38,33,1,2,0,1962.2907948037232
Costa Rica,CRC,1996,0,1,0,50,13,1,3,0,3194.4333901989166
Costa Rica,CRC,2000,2,0,0,69,9,2,2,0,3773.0746021419423
Croatia,CRO,1992,2,0,1,45,46,3,4,0,
Croatia,CRO,1996,0,1,1,46,117,2,5,0,
Croatia,CRO,2000,1,1,0,49,108,2,4,0,
Croatia,CRO,2004,2,1,2,44,100,5,9,0,
Croatia,CRO,2008,3,0,2,57,125,5,7,0,
Croatia,CRO,2012,2,3,1,25,118,6,13,0,
Croatia,CRO,2016,2,5,3,17,93,10,23,0,
Croatia,CRO,2020,2,3,3,26,74,8,17,0,
Croatia,CRO,2024,3,2,2,31,73,7,13,0,
Cuba,CUB,1900,0,1,1,12,2,2,5,0,
Cuba,CUB,1904,0,4,0,4,6,4,12,0,
Cuba,CUB,1948,0,0,1,29,112,1,2,0,
Cuba,CUB,1964,0,0,1,31,76,1,2,0,
Cuba,CUB,1968,0,0,4,31,227,4,8,0,
Cuba,CUB,1972,4,3,1,14,201,8,15,0,887.2065581892364
Cuba,CUB,1976,3,6,4,8,194,13,29,0,1436.268382180445
Cuba,CUB,1980,5,8,7,4,288,20,43,0,2030.0166997306123
Cuba,CUB,1992,11,14,6,5,196,31,65,0,2048.0442752145877
Cuba,CUB,1996,8,9,8,8,178,25,51,0,2281.9419191645084
Cuba,CUB,2000,7,11,11,9,271,29,62,0,2752.2397999386085
Cuba,CUB,2004,11,9,7,11,177,27,52,0,3403.3317969222007
Cuba,CUB,2008,11,2,11,28,171,24,39,0,5392.250454015032
Cuba,CUB,2012,6,5,3,16,118,14,27,0,6467.337914228037
Cuba,CUB,2016,4,5,2,18,143,11,23,0,8055.889907363879
Cuba,CUB,2020,5,7,3,14,82,15,32,0,9499.590202304318
Cuba,CUB,2024,6,2,1,32,61,9,14,0,
Cyprus,CYP,2012,0,0,1,70,13,1,2,0,28993.630159944136
Cyprus,CYP,2024,0,0,1,75,15,1,2,0,
Czech Republic,CZE,1996,4,4,3,17,169,11,22,0,
Czech Republic,CZE,2000,3,2,3,28,162,8,15,0,
Czech Republic,CZE,2004,5,1,3,42,171,9,14,0,
Czech Republic,CZE,2008,0,3,3,24,158,6,15,0,
Czech Republic,CZE,2012,3,4,3,19,159,10,21,0,
Czech Republic,CZE,2016,7,1,2,43,135,10,14,0,
Czech Republic,CZE,2020,3,4,4,18,151,11,23,0,
Czech Republic,CZE,2024,2,3,0,27,111,5,11,0,
Denmark,DEN,1896,3,1,2,9,15,6,10,0,
Denmark,DEN,1900,2,2,3,9,36,7,14,0,
Denmark,DEN,1908,3,0,2,16,107,5,7,0,
Denmark,DEN,1912,5,1,6,14,233,12,20,0,
Denmark,DEN,1920,1,3,9,10,246,13,28,0,
Denmark,DEN,1924,3,2,6,12,158,11,21,0,
Denmark,DEN,1928,4,3,2,13,122,9,17,0,
Denmark,DEN,1932,3,0,5,20,94,8,13,0,
Denmark,DEN,1936,3,0,2,23,173,5,7,0,
Denmark,DEN,1948,9,5,8,10,253,22,40,0,
Denmark,DEN,1952,3,2,1,15,201,6,11,0,
Denmark,DEN,1956,1,1,2,20,51,4,8,0,
Denmark,DEN,1960,1,2,3,13,109,6,13,0,
Denmark,DEN,1964,3,2,1,18,71,6,11,0,
Denmark,DEN,1968,3,1,4,22,93,8,14,0,
Denmark,DEN,1972,0,1,0,25,155,1,3,0,4664.132505993844
Denmark,DEN,1976,2,1,0,24,81,3,5,0,8776.865619116325
Denmark,DEN,1980,2,2,1,16,60,5,10,0,13877.37813319447
Denmark,DEN,1984,3,0,3,27,74,6,9,0,11541.03896278188
Denmark,DEN,1988,1,2,1,23,130,4,9,0,22541.944104669063
Denmark,DEN,1992,4,1,1,30,144,6,9,0,29546.07785940037
Denmark,DEN,1996,1,4,1,19,145,6,15,0,35698.82292636755
Denmark,DEN,2000,1,2,3,30,124,6,13,0,30737.39871360738
Denmark,DEN,2004,5,2,1,34,115,8,13,0,46416.91981923492
Denmark,DEN,2008,3,2,2,30,108,7,13,0,64214.95388434724
Denmark,DEN,2012,3,2,4,29,149,9,17,0,58409.451633575
Denmark,DEN,2016,7,2,6,28,143,15,25,0,54866.61560195719
Denmark,DEN,2020,4,3,4,25,138,11,21,0,60896.774850812384
Denmark,DEN,2024,5,2,2,29,131,9,15,0,
Djibouti,DJI,1988,1,0,0,47,6,1,1,0,882.971224288348
Dominica,DMA,2024,0,1,0,63,4,1,3,0,
Dominican Republic,DOM,1984,1,0,0,44,24,1,1,0,2062.959405702276
Dominican Republic,DOM,2004,0,1,0,55,33,1,3,0,2458.5560157729933
Dominican Republic,DOM,2008,0,1,1,47,27,2,5,0,5004.524667308239
Dominican Republic,DOM,2012,0,1,1,47,36,2,5,0,6047.110069491758
Dominican Republic,DOM,2016,1,0,0,79,30,1,1,0,7188.95729511226
Dominican Republic,DOM,2020,2,0,3,68,69,5,8,0,7167.914931980666
Dominican Republic,DOM,2024,2,1,0,60,59,3,5,0,
Ecuador,ECU,1996,0,1,0,51,28,1,3,0,2141.2574761866467
Ecuador,ECU,2008,0,0,1,71,26,1,2,0,4260.433183964707
Ecuador,ECU,2020,0,2,1,38,52,3,8,0,5645.199289653324
Ecuador,ECU,2024,2,1,2,50,40,5,9,0,
Egypt,EGY,1928,1,2,1,19,43,4,9,0,
Egypt,EGY,1936,2,2,1,16,66,5,10,0,
Egypt,EGY,1948,1,2,2,18,166,5,11,0,
Egypt,EGY,1952,1,0,0,41,196,1,1,0,
Egypt,EGY,1984,0,0,1,35,148,1,2,0,443.6849007107682
Egypt,EGY,2004,3,1,1,46,104,5,8,0,1021.4773734823998
Egypt,EGY,2008,1,0,0,81,116,1,1,0,1966.0614361382584
Egypt,EGY,2012,0,0,2,58,132,2,4,0,3030.8543381953214
Egypt,EGY,2016,3,0,0,75,137,3,3,0,2708.402038908899
Egypt,EGY,2020,4,1,1,54,195,6,9,0,3457.2110627594457
Egypt,EGY,2024,1,1,1,54,157,3,6,0,
Eritrea,ERI,2004,1,0,0,71,5,1,1,0,
Estonia,EST,1920,0,1,2,14,20,3,7,0,
Estonia,EST,1924,4,1,1,17,47,6,9,0,
Estonia,EST,1928,2,2,1,18,23,5,10,0,
Estonia,EST,1936,3,2,2,15,36,7,13,0,
Estonia,EST,1992,1,1,0,35,46,2,4,0,
Estonia,EST,2000,2,1,0,47,41,3,5,0,
Estonia,EST,2004,2,0,1,64,45,3,4,0,
Estonia,EST,2008,0,1,1,48,53,2,5,0,
Estonia,EST,2012,1,0,1,64,36,2,3,0,
Estonia,EST,2016,1,0,0,80,49,1,1,0,
Estonia,EST,2020,1,1,0,59,42,2,4,0,
Ethiopia,ETH,1960,0,1,0,21,15,1,3,0,
Ethiopia,ETH,1964,0,1,0,25,19,1,3,0,
Ethiopia,ETH,1968,0,1,1,25,26,2,5,0,
Ethiopia,ETH,1972,2,0,0,42,40,2,2,0,
Ethiopia,ETH,1980,2,2,0,18,48,4,8,0,
Ethiopia,ETH,1992,2,1,0,33,24,3,5,0,
Ethiopia,ETH,1996,1,2,0,35,19,3,7,0,
Ethiopia,ETH,2000,3,4,1,20,27,8,17,0,
Ethiopia,ETH,2004,2,2,3,28,27,7,14,0,
Ethiopia,ETH,2008,2,4,1,18,29,7,16,0,
Ethiopia,ETH,2012,3,3,1,24,34,7,14,0,
Ethiopia,ETH,2016,5,1,2,44,38,8,12,0,
Ethiopia,ETH,2020,2,1,1,56,38,4,7,0,
Ethiopia,ETH,2024,0,1,3,48,33,4,9,0,
Fiji,FIJ,2016,0,1,0,54,53,1,3,0,5368.467352547103
Fiji,FIJ,2020,1,1,0,60,32,2,4,0,4815.689316167452
Fiji,FIJ,2024,0,0,1,76,36,1,2,0,
Finland,FIN,1908,3,1,1,13,94,5,8,0,
Finland,FIN,1912,9,9,8,4,233,26,52,0,
Finland,FIN,1920,9,15,10,4,136,34,74,0,
Finland,FIN,1924,10,14,13,3,253,37,78,0,
Finland,FIN,1928,9,8,8,4,132,25,49,0,
Finland,FIN,1932,12,5,8,8,66,25,43,0,
Finland,FIN,1936,6,8,6,5,186,20,42,0,
Finland,FIN,1948,6,8,8,6,215,22,46,0,
Finland,FIN,1952,13,6,3,8,412,22,37,1,
Finland,FIN,1956,11,3,1,13,147,15,22,0,
Finland,FIN,1960,3,1,1,17,219,5,8,0,
Finland,FIN,1964,2,3,0,12,151,5,11,0,
Finland,FIN,1968,1,1,2,24,126,4,8,0,
Finland,FIN,1972,4,3,1,15,133,8,15,0,3162.0602284026013
Finland,FIN,1976,0,4,2,11,108,6,16,0,6708.468065146118
Finland,FIN,1980,4,3,1,12,125,8,15,0,11225.01777064486
Finland,FIN,1984,6,4,2,15,107,12,22,0,10833.887190291493
Finland,FIN,1988,2,1,1,26,101,4,7,0,22047.37202827682
Finland,FIN,1992,2,1,2,29,130,5,9,0,22318.85206648899
Finland,FIN,1996,1,1,2,40,105,4,8,0,25783.400103451007
Finland,FIN,2000,1,2,1,31,88,4,9,0,24285.448174972265
Finland,FIN,2004,0,0,2,61,67,2,4,0,37704.707454330746
Finland,FIN,2008,2,1,1,44,70,4,7,0,53556.51665583823
Finland,FIN,2012,2,0,1,62,69,3,4,0,47711.777240893214
Finland,FIN,2016,1,0,0,81,67,1,1,0,43784.95324943071
Finland,FIN,2020,2,0,0,85,49,2,2,0,49170.38626177093
France,FRA,1896,2,5,4,4,26,11,25,0,
France,FRA,1900,34,28,40,1,1071,102,198,1,
France,FRA,1904,0,0,2,12,2,2,4,0,
France,FRA,1908,9,5,5,4,319,19,34,0,
France,FRA,1912,3,7,5,5,232,15,34,0,
France,FRA,1920,13,9,20,8,452,42,80,0,
France,FRA,1924,12,14,14,2,636,40,82,1,
France,FRA,1928,6,7,12,5,422,25,51,0,
France,FRA,1932,4,11,5,3,159,20,47,0,
France,FRA,1936,6,7,6,6,303,19,39,0,
France,FRA,1948,15,11,6,3,433,32,60,0,
France,FRA,1952,6,6,6,7,408,18,36,0,
France,FRA,1956,6,4,4,11,227,14,26,0,
France,FRA,1960,3,0,2,25,363,5,7,0,
France,FRA,1964,6,1,8,21,214,15,25,0,
France,FRA,1968,5,7,3,6,311,15,32,0,
France,FRA,1972,7,2,4,17,356,13,21,0,3865.745164114933
France,FRA,1976,4,2,3,15,302,9,16,0,6899.125298580709
France,FRA,1980,3,6,5,8,200,14,31,0,12738.82149951827
France,FRA,1984,16,5,7,12,354,28,45,0,9430.301767681054
France,FRA,1988,6,6,4,9,413,16,32,0,17726.9271043145
France,FRA,1992,16,8,5,9,486,29,50,0,23927.89543023804
France,FRA,1996,15,15,7,5,453,37,74,0,27000.75325554208
France,FRA,2000,11,13,14,6,470,38,78,0,22467.82510267489
France,FRA,2004,13,11,9,7,461,33,64,0,34055.41618883519
France,FRA,2008,18,7,16,10,448,41,71,0,45735.727682231336
France,FRA,2012,13,11,11,7,426,35,68,0,41146.33717321263
France,FRA,2016,14,10,18,7,512,42,80,0,37320.877953233336
France,FRA,2020,11,9,12,10,538,32,62,0,39631.74105494912
France,FRA,2024,22,13,22,7,601,57,105,1,
Gabon,GAB,2012,0,0,1,71,21,1,2,0,9349.061096373209
Georgia,GEO,1996,2,0,0,68,42,2,2,0,
Georgia,GEO,2000,6,0,0,68,47,6,6,0,
Georgia,GEO,2004,0,2,2,32,39,4,10,0,
Georgia,GEO,2008,3,3,0,27,38,6,12,0,
Georgia,GEO,2012,3,1,3,39,36,7,12,0,
Georgia,GEO,2016,4,2,1,38,45,7,12,0,
Georgia,GEO,2020,1,2,5,33,36,8,17,0,
Georgia,GEO,2024,1,3,3,23,28,7,16,0,
Germany,GER,1896,2,7,5,3,94,14,33,0,
Germany,GER,1900,1,4,3,6,103,8,19,0,
Germany,GER,1904,7,4,5,2,55,16,29,0,
Germany,GER,1908,5,3,5,5,148,13,24,0,
Germany,GER,1912,7,6,13,6,312,26,51,0,
Germany,GER,1928,19,11,9,2,399,39,70,0,
Germany,GER,1932,7,5,12,7,202,24,46,0,
Germany,GER,1936,32,38,31,1,581,101,208,1,
Germany,GER,1952,17,0,7,28,365,24,31,0,
Germany,GER,1956,7,6,13,7,261,26,51,0,
Germany,GER,1960,11,12,19,4,425,42,85,0,
Germany,GER,1964,18,10,22,4,478,50,92,0,
Germany,GER,1992,28,33,21,3,653,82,169,0,26577.89967620523
Germany,GER,1996,27,20,18,3,626,65,123,0,30716.93480876856
Germany,GER,2000,26,13,17,5,567,56,99,0,23827.14818127092
Germany,GER,2004,20,13,16,6,592,49,91,0,34569.030091594206
Germany,GER,2008,15,16,10,5,558,41,83,0,45928.11686161012
Germany,GER,2012,14,11,19,6,510,44,85,0,43256.12244074617
Germany,GER,2016,15,17,10,5,536,42,86,0,42116.33755078335
Germany,GER,2020,16,10,11,8,597,37,68,0,46655.15872956969
Germany,GER,2024,8,11,10,10,457,29,61,0,
Ghana,GHA,1960,0,0,1,33,15,1,2,0,
Ghana,GHA,1964,1,0,0,36,40,1,1,0,
Ghana,GHA,1972,1,0,0,44,41,1,1,0,478.46266267287785
Ghana,GHA,1992,1,0,0,57,41,1,1,0,899.5309996643126
Ghana,GHA,2020,1,0,0,89,16,1,1,0,2176.576218012764
Greece,GRE,1896,17,10,17,2,148,44,81,1,
Greece,GRE,1904,1,1,0,10,17,2,4,0,
Greece,GRE,1908,1,0,3,15,49,4,7,0,
Greece,GRE,1912,1,1,0,15,77,2,4,0,
Greece,GRE,1920,0,0,1,19,98,1,2,0,
Greece,GRE,1924,0,1,0,20,79,1,3,0,
Greece,GRE,1956,1,0,0,36,16,1,1,0,
Greece,GRE,1960,0,1,0,22,59,1,3,0,
Greece,GRE,1968,1,0,0,42,44,1,1,0,
Greece,GRE,1972,0,0,2,30,66,2,4,0,1958.6991279494555
Greece,GRE,1980,2,1,0,22,45,3,5,0,6107.63408421736
Greece,GRE,1984,1,0,1,30,73,2,3,0,4930.147808849029
Greece,GRE,1988,1,0,0,48,72,1,1,0,7535.223899869216
Greece,GRE,1992,0,2,0,26,76,2,6,0,11091.340443187522
Greece,GRE,1996,0,4,4,16,180,8,20,0,13500.6249348152
Greece,GRE,2000,3,4,6,17,175,13,27,0,11933.131726703648
Greece,GRE,2004,4,6,6,15,499,16,34,1,21640.103008756465
Greece,GRE,2008,2,0,2,59,176,4,6,0,32010.655700990374
Greece,GRE,2012,2,0,0,75,115,2,2,0,22076.907453964315
Greece,GRE,2016,2,3,1,26,104,6,13,0,17955.5046825653
Greece,GRE,2020,1,2,1,36,100,4,9,0,17929.62115805713
Greece,GRE,2024,6,1,1,52,100,8,11,0,
Grenada,GRN,2012,0,1,0,52,8,1,3,0,6900.771731684061
Grenada,GRN,2016,0,0,1,70,6,1,2,0,8849.514155553949
Grenada,GRN,2020,1,0,0,90,6,1,1,0,8437.536782312503
Grenada,GRN,2024,2,0,0,82,6,2,2,0,
Guatemala,GUA,2012,0,0,1,72,24,1,2,0,3277.879692150551
Guatemala,GUA,2024,1,1,0,61,16,2,4,0,
Guyana,GUY,1980,1,0,0,35,10,1,1,0,1211.8874791281964
Haiti,HAI,1900,0,1,0,16,4,1,3,0,
Haiti,HAI,1924,1,0,0,26,16,1,1,0,
Haiti,HAI,1928,0,0,1,32,3,1,2,0,
Hungary,HUN,1896,3,2,1,6,18,6,11,0,
Hungary,HUN,1900,2,1,2,11,34,5,9,0,
Hungary,HUN,1904,1,2,1,6,9,4,9,0,
Hungary,HUN,1908,2,3,4,6,107,9,19,0,
Hungary,HUN,1912,3,3,2,11,207,8,16,0,
Hungary,HUN,1924,4,2,4,13,140,10,18,0,
Hungary,HUN,1928,0,5,5,9,219,10,25,0,
Hungary,HUN,1932,5,6,5,6,118,16,33,0,
Hungary,HUN,1936,5,10,1,3,335,16,37,0,
Hungary,HUN,1948,12,10,5,4,222,27,52,0,
Hungary,HUN,1952,16,16,10,3,345,42,84,0,
Hungary,HUN,1956,7,9,10,4,197,26,54,0,
Hungary,HUN,1960,7,6,8,7,312,21,41,0,
Hungary,HUN,1964,5,10,7,6,319,22,49,0,
Hungary,HUN,1968,12,10,10,4,303,32,62,0,
Hungary,HUN,1972,16,6,13,8,367,35,60,0,785.9394502387133
Hungary,HUN,1976,13,4,5,10,288,22,35,0,1382.6651292485626
Hungary,HUN,1980,15,7,10,6,392,32,56,0,2381.8961039855008
Hungary,HUN,1988,6,11,6,6,315,23,51,0,3080.9006861076728
Hungary,HUN,1992,7,11,12,8,351,30,64,0,3734.842515301302
Hungary,HUN,1996,10,7,4,12,315,21,39,0,4526.344276922349
Hungary,HUN,2000,3,8,6,13,238,17,39,0,4628.323555426213
Hungary,HUN,2004,3,8,6,12,258,17,39,0,10314.614427908453
Hungary,HUN,2008,2,3,5,21,216,10,21,0,15795.423351458125
Hungary,HUN,2012,6,8,4,9,201,18,38,0,12982.5267621682
Hungary,HUN,2016,4,8,3,12,204,15,34,0,13103.256241608711
Hungary,HUN,2020,7,6,7,15,237,20,39,0,16124.908192479965
Hungary,HUN,2024,5,6,7,14,177,18,37,0,
Iceland,ISL,1956,0,0,1,31,2,1,2,0,
Iceland,ISL,1984,1,0,0,45,35,1,1,0,11951.24100397065
Iceland,ISL,2000,1,0,0,75,29,1,1,0,32067.08715491964
Iceland,ISL,2008,0,0,1,72,31,1,2,0,56889.41208871832
India,IND,1900,0,0,2,21,5,2,4,0,
India,IND,1928,0,1,0,25,24,1,3,0,
India,IND,1932,0,1,0,19,26,1,3,0,
India,IND,1936,0,1,0,20,30,1,3,0,
India,IND,1948,0,1,0,23,89,1,3,0,
India,IND,1952,1,1,0,26,94,2,4,0,
India,IND,1956,0,1,0,25,79,1,3,0,
India,IND,1960,0,0,1,34,49,1,2,0,
India,IND,1964,0,1,0,26,111,1,3,0,
India,IND,1968,1,0,0,43,27,1,1,0,
India,IND,1972,1,0,0,45,43,1,1,0,124.81029427316696
India,IND,1980,0,1,0,24,78,1,3,0,268.40585040840074
India,IND,1996,1,0,0,71,54,1,1,0,400.3401248762106
India,IND,2000,1,0,0,74,70,1,1,0,449.35155057899067
India,IND,2004,0,0,1,66,81,1,2,0,618.8074228431539
India,IND,2008,2,1,0,51,67,3,5,0,1050.3302921854586
India,IND,2012,4,0,2,55,95,6,8,0,1460.0987861334777
India,IND,2016,1,0,1,67,130,2,3,0,1711.1375921024726
India,IND,2020,4,1,2,48,151,7,11,0,1916.4593444098227
India,IND,2024,5,0,1,72,112,6,7,0,
Indonesia,INA,1988,0,0,1,39,43,1,2,0,588.7447930336137
Indonesia,INA,1992,1,2,2,24,51,5,11,0,859.5021574609638
Indonesia,INA,1996,2,1,1,41,45,4,7,0,1315.4012399578128
Indonesia,INA,2000,2,1,3,38,54,6,11,0,820.7606920118141
Indonesia,INA,2004,2,1,1,48,39,4,7,0,1210.3331741150903
Indonesia,INA,2008,3,1,1,43,26,5,8,0,2283.188054876215
Indonesia,INA,2012,1,0,1,65,22,2,3,0,3668.212083501232
Indonesia,INA,2016,0,1,2,46,31,3,7,0,3558.8188517428725
Indonesia,INA,2020,3,1,1,55,35,5,8,0,3895.618152050948
Indonesia,INA,2024,1,2,0,40,29,3,7,0,
Iran,IRI,1948,1,0,0,36,39,1,1,0,
Iran,IRI,1952,4,0,3,30,23,7,10,0,
Iran,IRI,1956,1,2,2,14,17,5,11,0,
Iran,IRI,1960,3,0,1,27,24,4,5,0,
Iran,IRI,1964,2,0,0,34,96,2,2,0,
Iran,IRI,1968,2,2,1,19,14,5,10,0,
Iran,IRI,1972,1,0,2,28,56,3,5,0,
Iran,IRI,1976,1,0,1,33,104,2,3,0,
Iran,IRI,1988,0,0,1,40,26,1,2,0,
Iran,IRI,1992,2,0,1,47,44,3,4,0,
Iran,IRI,1996,1,1,1,43,18,3,6,0,
Iran,IRI,2000,1,3,0,27,34,4,10,0,
Iran,IRI,2004,2,2,2,29,37,6,12,0,
Iran,IRI,2008,1,1,0,52,55,2,4,0,
Iran,IRI,2012,3,4,5,17,57,12,25,0,
Iran,IRI,2016,4,3,1,25,67,8,15,0,
Iran,IRI,2020,2,3,2,27,76,7,15,0,
Iran,IRI,2024,3,3,6,20,41,12,24,0,
Iraq,IRQ,1960,1,0,0,42,28,1,1,0,
Ireland,IRL,1924,1,0,1,24,60,2,3,0,
Ireland,IRL,1928,0,1,0,26,44,1,3,0,
Ireland,IRL,1932,0,2,0,16,18,2,6,0,
Ireland,IRL,1948,1,0,0,37,83,1,1,0,
Ireland,IRL,1952,0,0,1,35,25,1,2,0,
Ireland,IRL,1956,3,1,1,21,25,5,8,0,
Ireland,IRL,1964,1,0,0,37,35,1,1,0,
Ireland,IRL,1980,1,0,1,31,57,2,3,0,6412.548001802866
Ireland,IRL,1984,0,0,1,36,55,1,2,0,5759.674426909562
Ireland,IRL,1992,0,1,1,32,77,2,5,0,15849.30670034668
Ireland,IRL,1996,1,3,0,28,99,4,10,0,21013.132549613576
Ireland,IRL,2000,0,0,1,64,76,1,2,0,26521.638447107307
Ireland,IRL,2008,2,0,1,62,63,3,4,0,61615.66059975974
Ireland,IRL,2012,3,1,1,41,76,5,8,0,49321.75054696049
Ireland,IRL,2016,0,0,2,63,93,2,4,0,63267.60070537036
Ireland,IRL,2020,2,2,0,39,150,4,8,0,86655.5551595583
Ireland,IRL,2024,2,3,0,28,143,5,11,0,
Israel,ISR,1992,1,0,1,48,44,2,3,0,14831.90076223852
Israel,ISR,1996,1,0,0,72,38,1,1,0,20466.533197035627
Israel,ISR,2000,1,0,0,76,58,1,1,0,22270.623503861352
Israel,ISR,2004,1,1,0,53,46,2,4,0,21209.8142767844
Israel,ISR,2008,1,0,0,82,60,1,1,0,31175.39321957112
Israel,ISR,2016,2,0,0,77,59,2,2,0,39338.14875842347
Israel,ISR,2020,2,2,0,40,128,4,8,0,47014.69059966373
Israel,ISR,2024,1,1,5,41,89,7,14,0,
Italy,ITA,1900,0,3,2,7,36,5,13,0,
Italy,ITA,1908,0,2,2,9,97,4,10,0,
Italy,ITA,1912,2,5,1,7,96,8,19,0,
Italy,ITA,1920,5,14,6,6,291,25,59,0,
Italy,ITA,1924,5,8,3,5,333,16,35,0,
Italy,ITA,1928,7,7,6,7,273,20,40,0,
Italy,ITA,1932,12,12,12,2,154,36,72,0,
Italy,ITA,1936,5,9,13,4,349,27,58,0,
Italy,ITA,1948,10,9,12,5,310,31,61,0,
Italy,ITA,1952,4,8,9,5,376,21,46,0,
Italy,ITA,1956,9,8,8,5,207,25,49,0,
Italy,ITA,1960,13,13,10,3,402,36,72,1,
Italy,ITA,1964,7,10,10,5,256,27,57,0,
Italy,ITA,1968,9,3,4,13,268,16,26,0,
Italy,ITA,1972,10,5,3,10,345,18,31,0,2690.168954540074
Italy,ITA,1976,4,2,7,14,312,13,24,0,4057.410184429844
Italy,ITA,1980,4,8,3,5,203,15,34,0,8472.244013617576
Italy,ITA,1984,12,14,6,5,368,32,66,0,7733.812811522223
Italy,ITA,1988,4,6,4,10,374,14,30,0,15732.29618966649
Italy,ITA,1992,8,6,5,12,431,19,36,0,23229.277126559417
Italy,ITA,1996,12,13,10,6,460,35,71,0,23066.90446691715
Italy,ITA,2000,13,13,8,7,457,34,68,0,20079.01173961873
Italy,ITA,2004,11,10,11,8,474,32,63,0,31166.345189290205
Italy,ITA,2008,10,8,9,9,459,27,52,0,40506.14996944834
Italy,ITA,2012,11,8,9,8,382,28,53,0,34674.730098011045
Italy,ITA,2016,8,8,12,9,399,28,56,0,31201.602371682064
Italy,ITA,2020,20,10,10,9,524,40,70,0,31889.801199949867
Italy,ITA,2024,13,12,11,9,397,36,71,0,
Jamaica,JAM,1948,0,1,2,21,26,3,7,0,
Jamaica,JAM,1952,0,2,3,13,16,5,12,0,
Jamaica,JAM,1968,0,0,1,40,35,1,2,0,
Jamaica,JAM,1972,1,0,0,46,51,1,1,0,1207.1984813303318
Jamaica,JAM,1976,0,1,1,21,36,2,5,0,1812.5227162884976
Jamaica,JAM,1980,3,0,0,34,32,3,3,0,1556.0278264920894
Jamaica,JAM,1984,2,0,1,28,75,3,4,0,1300.1372191234695
Jamaica,JAM,1988,0,0,2,34,49,2,4,0,1867.15171237643
Jamaica,JAM,1992,1,0,3,38,51,4,7,0,1734.4483599192588
Jamaica,JAM,1996,2,1,3,39,69,6,11,0,2919.147763154124
Jamaica,JAM,2000,3,0,6,54,65,9,15,0,3447.3057770826526
Jamaica,JAM,2004,2,2,1,35,62,5,10,0,3819.283132583155
Jamaica,JAM,2008,2,5,2,15,66,9,21,0,5056.259176612192
Jamaica,JAM,2012,4,4,4,18,62,12,24,0,5365.175469743093
Jamaica,JAM,2016,2,6,3,16,77,11,26,0,5022.702262029696
Jamaica,JAM,2020,4,4,1,21,87,9,18,0,4897.265870289478
Jamaica,JAM,2024,2,1,3,44,65,6,11,0,
Japan,JPN,1920,0,0,2,18,26,2,4,0,
Japan,JPN,1924,1,0,0,27,37,1,1,0,
Japan,JPN,1928,1,2,2,16,56,5,11,0,
Japan,JPN,1932,4,7,7,5,203,18,39,0,
Japan,JPN,1936,10,6,4,8,325,20,36,0,
Japan,JPN,1952,1,1,6,17,133,8,16,0,
Japan,JPN,1956,3,4,10,10,222,17,35,0,
Japan,JPN,1960,7,4,7,8,278,18,33,0,
Japan,JPN,1964,8,16,5,3,456,29,66,1,
Japan,JPN,1968,7,11,7,3,289,25,54,0,
Japan,JPN,1972,8,13,8,5,293,29,63,0,2938.736927037627
Japan,JPN,1976,10,9,6,5,328,25,49,0,5158.746362450389
Japan,JPN,1984,14,10,7,7,365,31,58,0,10943.584884379918
Japan,JPN,1988,7,4,3,14,412,14,25,0,25014.05770374299
Japan,JPN,1992,11,3,8,17,392,22,36,0,31410.005043005443
Japan,JPN,1996,5,3,6,23,448,14,26,0,39159.6389174816
Japan,JPN,2000,5,5,8,15,363,18,36,0,39181.45010423347
Japan,JPN,2004,12,16,9,5,414,37,78,0,38326.0446978524
Japan,JPN,2008,9,9,7,8,457,25,50,0,39871.75038702952
Japan,JPN,2012,17,7,14,11,399,38,66,0,49058.91331116733
Japan,JPN,2016,21,12,8,6,436,41,73,0,39400.94226403597
Japan,JPN,2020,16,27,14,3,787,57,125,1,40311.38352836518
Japan,JPN,2024,13,20,12,3,431,45,97,0,
Jordan,JOR,2016,0,1,0,55,8,1,3,0,4003.404748673288
Jordan,JOR,2020,1,0,1,74,15,2,3,0,3987.683617336452
Jordan,JOR,2024,0,0,1,77,12,1,2,0,
Kazakhstan,KAZ,1996,4,3,4,24,142,11,21,0,
Kazakhstan,KAZ,2000,0,3,4,22,158,7,17,0,
Kazakhstan,KAZ,2004,3,1,4,40,130,8,14,0,
Kazakhstan,KAZ,2008,7,2,4,29,146,13,21,0,
Kazakhstan,KAZ,2012,5,7,1,12,132,13,28,0,
Kazakhstan,KAZ,2016,10,3,5,22,123,18,29,0,
Kazakhstan,KAZ,2020,8,0,0,83,116,8,8,0,
Kazakhstan,KAZ,2024,3,1,3,43,79,7,12,0,
Kenya,KEN,1964,1,0,0,38,41,1,1,0,
Kenya,KEN,1968,2,3,4,14,50,9,19,0,
Kenya,KEN,1972,4,2,3,19,69,9,16,0,278.2041418606393
Kenya,KEN,1984,2,1,0,23,67,3,5,0,537.3000993778894
Kenya,KEN,1988,2,5,2,13,88,9,21,0,640.574333707558
Kenya,KEN,1992,2,2,4,21,55,8,16,0,524.3250416779852
Kenya,KEN,1996,3,1,4,38,54,8,14,0,545.0798962392129
Kenya,KEN,2000,2,2,3,29,59,7,14,0,513.6249677816219
Kenya,KEN,2004,2,1,4,41,46,7,13,0,581.6091127765965
Kenya,KEN,2008,5,6,4,13,47,15,31,0,1003.5239454499084
Kenya,KEN,2012,5,2,4,28,51,11,19,0,1298.3325893840408
Kenya,KEN,2016,1,6,6,15,80,13,31,0,1562.0765081062557
Kenya,KEN,2020,2,4,4,19,89,10,22,0,1936.2507516604503
Kenya,KEN,2024,5,4,2,17,74,11,21,0,
Kuwait,KUW,2000,1,0,0,78,30,1,1,0,19493.40908093959
Kuwait,KUW,2012,1,0,0,83,12,1,1,0,51270.832955417056
Kuwait,KUW,2020,1,0,0,91,10,1,1,0,24297.70114594342
Kyrgyzstan,KGZ,2000,1,0,0,77,71,1,1,0,
Kyrgyzstan,KGZ,2008,1,0,1,67,22,2,3,0,
Kyrgyzstan,KGZ,2020,1,0,2,70,17,3,5,0,
Kyrgyzstan,KGZ,2024,4,0,2,69,16,6,8,0,
Latvia,LAT,1932,0,0,1,22,13,1,2,0,
Latvia,LAT,1936,1,0,1,24,33,2,3,0,
Latvia,LAT,1992,1,0,2,40,40,3,5,0,
Latvia,LAT,1996,0,0,1,63,55,1,2,0,
Latvia,LAT,2000,1,1,1,44,60,3,6,0,
Latvia,LAT,2004,0,0,4,58,45,4,8,0,
Latvia,LAT,2008,1,1,1,45,53,3,6,0,
Latvia,LAT,2012,1,1,0,49,50,2,4,0,
Latvia,LAT,2020,1,1,0,61,38,2,4,0,
Lebanon,LIB,1952,1,0,1,33,9,2,3,0,
Lebanon,LIB,1972,0,0,1,35,36,1,2,0,1112.7929525596471
Lebanon,LIB,1980,1,0,0,36,19,1,1,0,1837.9150218728807
Lithuania,LTU,1992,1,1,0,36,54,2,4,0,
Lithuania,LTU,1996,1,0,0,73,81,1,1,0,
Lithuania,LTU,2000,3,2,0,33,77,5,9,0,
Lithuania,LTU,2004,0,1,2,45,70,3,7,0,
Lithuania,LTU,2008,3,0,2,58,78,5,7,0,
Lithuania,LTU,2012,2,2,1,34,72,5,10,0,
Lithuania,LTU,2016,3,0,1,64,80,4,5,0,
Lithuania,LTU,2020,0,0,1,79,59,1,2,0,
Lithuania,LTU,2024,2,0,2,71,51,4,6,0,
Luxembourg,LUX,1900,0,1,0,17,1,1,3,0,
Luxembourg,LUX,1920,0,0,1,20,35,1,2,0,
Luxembourg,LUX,1924,0,1,1,19,122,2,5,0,
Luxembourg,LUX,1928,0,1,0,27,107,1,3,0,
Luxembourg,LUX,1952,0,1,0,27,101,1,3,0,
Malaysia,MAS,1992,1,0,0,58,30,1,1,0,3192.778691162421
Malaysia,MAS,1996,1,0,1,58,43,2,3,0,4874.543621191749
Malaysia,MAS,2008,0,0,1,73,42,1,2,0,8343.302548039552
Malaysia,MAS,2012,1,0,1,66,38,2,3,0,10601.510913682556
Malaysia,MAS,2016,1,0,4,60,42,5,9,0,9555.64967457516
Malaysia,MAS,2020,1,0,1,75,47,2,3,0,10160.82688159134
Malaysia,MAS,2024,2,0,0,83,26,2,2,0,
Mauritius,MRI,2008,1,0,0,84,11,1,1,0,7831.372698328823
Mexico,MEX,1900,1,0,0,24,3,1,1,0,
Mexico,MEX,1932,0,0,2,21,100,2,4,0,
Mexico,MEX,1936,3,0,0,29,32,3,3,0,
Mexico,MEX,1948,2,2,1,19,149,5,10,0,
Mexico,MEX,1952,0,0,1,36,85,1,2,0,
Mexico,MEX,1956,1,1,0,23,36,2,4,0,
Mexico,MEX,1960,1,0,0,43,110,1,1,0,
Mexico,MEX,1964,1,0,0,39,128,1,1,0,
Mexico,MEX,1968,3,3,3,15,446,9,18,1,
Mexico,MEX,1972,0,0,1,36,281,1,2,0,1126.949880279184
Mexico,MEX,1976,1,1,0,25,137,2,4,0,1963.5725895545984
Mexico,MEX,1980,3,0,1,29,74,4,5,0,3675.758793847938
Mexico,MEX,1984,1,2,3,17,155,6,13,0,3053.3002031637134
Mexico,MEX,1988,2,0,0,45,144,2,2,0,2782.082682780091
Mexico,MEX,1992,0,0,1,49,140,1,2,0,5126.982943441424
Mexico,MEX,1996,1,0,0,74,111,1,1,0,4718.573827019025
Mexico,MEX,2000,3,1,2,40,98,6,10,0,7581.845374190003
Mexico,MEX,2004,1,0,3,59,137,4,7,0,7883.523423669944
Mexico,MEX,2008,1,2,0,36,103,3,7,0,10589.952190080863
Mexico,MEX,2012,3,1,3,40,119,7,12,0,10842.732815044268
Mexico,MEX,2016,2,0,3,61,139,5,8,0,9152.73706032572
Mexico,MEX,2020,4,0,0,84,196,4,4,0,8895.615078050529
Mexico,MEX,2024,2,0,3,66,108,5,8,0,
Moldova,MDA,1996,1,0,1,59,50,2,3,0,
Moldova,MDA,2000,1,0,1,62,35,2,3,0,
Moldova,MDA,2008,1,0,0,83,30,1,1,0,
Moldova,MDA,2012,2,0,0,76,20,2,2,0,
Moldova,MDA,2020,1,0,0,92,26,1,1,0,
Moldova,MDA,2024,3,0,1,73,26,4,5,0,
Monaco,MON,1924,1,0,0,28,9,1,1,0,
Mongolia,MGL,1968,3,0,1,34,38,4,5,0,
Mongolia,MGL,1972,0,0,1,37,44,1,2,0,176.1957473006258
Mongolia,MGL,1976,0,0,1,34,33,1,2,0,261.6306203531031
Mongolia,MGL,1980,2,0,2,27,57,4,6,0,406.82888864752505
Mongolia,MGL,1988,1,0,0,49,32,1,1,0,770.3685331830087
Mongolia,MGL,1992,2,0,0,52,38,2,2,0,685.1993342871476
Mongolia,MGL,1996,1,0,0,75,18,1,1,0,696.7700586742995
Mongolia,MGL,2004,1,0,0,72,21,1,1,0,910.0900837661987
Mongolia,MGL,2008,0,2,2,31,31,4,10,0,2475.465860853957
Mongolia,MGL,2012,3,0,2,56,32,5,7,0,4402.299364439736
Mongolia,MGL,2016,1,0,1,68,46,2,3,0,3690.75677749301
Mongolia,MGL,2020,3,0,1,71,61,4,5,0,4041.17414215364
Mongolia,MGL,2024,0,0,1,78,32,1,2,0,
Montenegro,MNE,2012,0,0,1,73,34,1,2,0,
Morocco,MAR,1960,0,0,1,35,111,1,2,0,
Morocco,MAR,1984,0,2,0,18,35,2,6,0,686.1727881944427
Morocco,MAR,1988,2,1,0,28,29,3,5,0,1092.8389277566228
Morocco,MAR,1992,1,1,1,31,45,3,6,0,1315.079919931262
Morocco,MAR,1996,2,0,0,69,38,2,2,0,1593.2888724843297
Morocco,MAR,2000,4,0,1,58,55,5,6,0,1362.3393925422893
Morocco,MAR,2004,0,2,1,37,57,3,8,0,1992.4039600427543
Morocco,MAR,2008,1,0,1,68,49,2,3,0,2957.3893338883136
Morocco,MAR,2012,1,0,0,84,67,1,1,0,3117.364548709128
Morocco,MAR,2016,1,0,0,82,52,1,1,0,3178.058724443325
Morocco,MAR,2020,0,1,0,64,51,1,3,0,3307.650660526908
Morocco,MAR,2024,1,1,0,62,61,2,4,0,
Mozambique,MOZ,1996,1,0,0,76,3,1,1,0,250.63683618711428
Mozambique,MOZ,2000,0,1,0,52,4,1,3,0,333.7740425348314
Namibia,NAM,1992,0,0,2,42,10,2,4,0,2346.276243278544
Namibia,NAM,1996,0,0,2,55,10,2,4,0,2417.577872964768
Namibia,NAM,2020,0,0,1,81,11,1,2,0,4252.041621431616
Netherlands,NED,1900,4,1,2,10,73,7,11,0,
Netherlands,NED,1908,2,0,0,18,218,2,2,0,
Netherlands,NED,1912,3,0,0,19,45,3,3,0,
Netherlands,NED,1920,5,4,2,9,213,11,21,0,
Netherlands,NED,1924,6,4,1,9,246,11,20,0,
Netherlands,NED,1928,5,8,10,3,384,23,49,1,
Netherlands,NED,1932,1,2,5,14,80,8,17,0,
Netherlands,NED,1936,7,6,4,9,227,17,33,0,
Netherlands,NED,1948,9,5,2,11,187,16,28,0,
Netherlands,NED,1952,0,0,5,29,180,5,10,0,
Netherlands,NED,1960,2,0,1,28,160,3,4,0,
Netherlands,NED,1964,4,2,4,15,158,10,18,0,
Netherlands,NED,1968,1,3,3,17,140,7,16,0,
Netherlands,NED,1972,1,3,1,16,199,5,12,0,4105.79023426113
Netherlands,NED,1976,3,0,2,29,175,5,7,0,7980.215305803578
Netherlands,NED,1980,2,0,1,30,112,3,4,0,13811.299897256617
Netherlands,NED,1984,6,5,2,13,185,13,25,0,9964.667832783292
Netherlands,NED,1988,5,2,2,22,202,9,15,0,17741.147410148747
Netherlands,NED,1992,7,2,6,20,257,15,25,0,23958.146127173688
Netherlands,NED,1996,10,4,5,15,290,19,32,0,28990.647398227386
Netherlands,NED,2000,4,12,9,8,285,25,58,0,26192.77503708482
Netherlands,NED,2004,9,4,9,18,264,22,39,0,40577.84213754229
Netherlands,NED,2008,4,7,5,12,283,16,35,0,57593.46456172681
Netherlands,NED,2012,8,6,6,13,222,20,38,0,49982.50594111587
Netherlands,NED,2016,4,8,7,11,329,19,42,0,45754.7930118019
Netherlands,NED,2020,14,10,12,7,391,36,68,0,52183.342924140896
Netherlands,NED,2024,12,14,7,5,290,33,68,0,
New Zealand,NZL,1900,0,1,0,18,1,1,3,0,
New Zealand,NZL,1920,1,0,0,22,6,1,1,0,
New Zealand,NZL,1924,1,0,0,29,6,1,1,0,
New Zealand,NZL,1928,0,1,0,28,13,1,3,0,
New Zealand,NZL,1932,0,0,1,23,29,1,2,0,
New Zealand,NZL,1936,0,1,0,21,9,1,3,0,
New Zealand,NZL,1952,2,1,0,25,20,3,5,0,
New Zealand,NZL,1956,0,2,0,16,57,2,6,0,
New Zealand,NZL,1960,1,2,0,14,47,3,7,0,
New Zealand,NZL,1964,2,3,0,13,88,5,11,0,
New Zealand,NZL,1968,2,1,0,27,65,3,5,0,
New Zealand,NZL,1972,1,1,1,23,112,3,6,0,3306.2716073728498
New Zealand,NZL,1976,1,2,1,18,98,4,9,0,4445.288316849586
New Zealand,NZL,1984,2,8,1,8,162,11,28,0,7367.828484345376
New Zealand,NZL,1988,8,3,2,18,112,13,21,0,13953.833290544391
New Zealand,NZL,1992,5,1,4,28,175,10,16,0,11906.679954900224
New Zealand,NZL,1996,1,3,2,26,129,6,14,0,18638.40911846492
New Zealand,NZL,2000,3,1,0,46,177,4,6,0,14121.93972427201
New Zealand,NZL,2004,0,3,2,24,184,5,13,0,25100.749089363344
New Zealand,NZL,2008,4,3,2,25,201,9,17,0,31249.153212873836
New Zealand,NZL,2012,5,6,2,15,204,13,27,0,39953.58569255948
New Zealand,NZL,2016,5,4,9,19,232,18,35,0,40453.09893465334
New Zealand,NZL,2020,7,7,6,13,279,20,40,0,41967.119567072645
New Zealand,NZL,2024,3,10,7,11,208,20,47,0,
Niger,NIG,1972,1,0,0,48,4,1,1,0,158.47242414383015
Niger,NIG,2016,0,0,1,71,6,1,2,0,497.0362014348104
Nigeria,NGR,1964,1,0,0,40,19,1,1,0,
Nigeria,NGR,1972,1,0,0,47,36,1,1,0,712.6726313486195
Nigeria,NGR,1984,1,0,1,31,36,2,3,0,2660.1593837125847
Nigeria,NGR,1992,1,0,3,39,72,4,7,0,522.8122831143407
Nigeria,NGR,1996,3,2,1,32,84,6,11,0,482.949588599778
Nigeria,NGR,2000,0,1,2,41,100,3,7,0,565.3041319168699
Nigeria,NGR,2004,2,0,0,69,79,2,2,0,997.2879286061128
Nigeria,NGR,2008,3,0,1,60,89,4,5,0,2211.7726905734075
Nigeria,NGR,2016,1,0,0,83,77,1,1,0,2144.7803452043718
Nigeria,NGR,2020,1,0,1,76,68,2,3,0,2063.5685306931364
North Macedonia,MKD,2000,1,0,0,79,15,1,1,0,
North Macedonia,MKD,2020,0,0,1,80,8,1,2,0,
Norway,NOR,1900,3,0,2,20,29,5,7,0,
Norway,NOR,1904,0,2,0,7,6,2,6,0,
Norway,NOR,1908,3,2,3,8,103,8,15,0,
Norway,NOR,1912,5,4,1,9,263,10,19,0,
Norway,NOR,1920,9,10,10,7,267,29,59,0,
Norway,NOR,1924,3,5,2,7,105,10,22,0,
Norway,NOR,1928,1,1,2,21,79,4,8,0,
Norway,NOR,1936,2,1,3,18,84,6,11,0,
Norway,NOR,1948,3,1,3,20,97,7,12,0,
Norway,NOR,1952,0,3,2,10,190,5,13,0,
Norway,NOR,1956,2,1,0,22,29,3,5,0,
Norway,NOR,1960,0,1,0,23,50,1,3,0,
Norway,NOR,1968,0,1,1,26,86,2,5,0,
Norway,NOR,1972,1,2,1,21,161,4,9,0,4413.494497120473
Norway,NOR,1976,0,1,1,22,79,2,5,0,8926.815173628835
Norway,NOR,1984,2,0,1,29,132,3,4,0,14989.069910948192
Norway,NOR,1988,0,2,3,21,79,5,12,0,24206.39455509436
Norway,NOR,1992,1,2,4,22,114,7,15,0,30522.87010830843
Norway,NOR,1996,3,2,2,30,116,7,13,0,37320.443837421895
Norway,NOR,2000,3,4,3,19,115,10,21,0,38176.05849880677
Norway,NOR,2004,1,5,0,17,60,6,16,0,57763.79576475994
Norway,NOR,2008,1,3,5,22,102,9,20,0,97494.50331089013
Norway,NOR,2012,1,2,1,35,69,4,9,0,102166.0865790294
Norway,NOR,2016,4,0,0,74,77,4,4,0,70837.94848525313
Norway,NOR,2020,2,4,2,20,112,8,18,0,68335.39421656061
Norway,NOR,2024,3,4,1,18,109,8,17,0,
Pakistan,PAK,1956,0,0,1,32,79,1,2,0,
Pakistan,PAK,1960,1,1,0,20,53,2,4,0,
Pakistan,PAK,1964,0,0,1,32,47,1,2,0,
Pakistan,PAK,1968,0,1,0,29,15,1,3,0,
Pakistan,PAK,1972,0,0,1,38,26,1,2,0,132.00983794563246
Pakistan,PAK,1976,1,0,0,39,24,1,1,0,245.67607902705348
Pakistan,PAK,1984,0,1,0,25,33,1,3,0,416.5859118022148
Pakistan,PAK,1988,1,0,0,50,33,1,1,0,455.277749639615
Pakistan,PAK,1992,1,0,0,59,28,1,1,0,514.4700753104198
Pakistan,PAK,2024,0,1,0,64,7,1,3,0,
Panama,PAN,1948,2,0,0,34,2,2,2,0,
Panama,PAN,2008,0,1,0,54,5,1,3,0,7220.549640428968
Panama,PAN,2024,0,0,1,79,8,1,2,0,
Paraguay,PAR,2004,0,0,1,67,22,1,2,0,1919.9619232492555
Peru,PER,1948,0,1,0,24,49,1,3,0,
Peru,PER,1984,0,0,1,37,44,1,2,0,872.6225594308435
Peru,PER,1988,0,0,1,42,26,1,2,0,1461.9186324772077
Peru,PER,1992,0,0,1,50,21,1,2,0,1556.9862545122326
Peru,PER,2024,1,0,0,88,26,1,1,0,
Philippines,PHI,1928,1,0,0,33,6,1,1,0,
Philippines,PHI,1932,3,0,0,25,8,3,3,0,
Philippines,PHI,1936,1,0,0,31,40,1,1,0,
Philippines,PHI,1964,0,0,1,33,70,1,2,0,
Philippines,PHI,1988,1,0,0,51,42,1,1,0,734.4302796234173
Philippines,PHI,1992,1,0,0,60,38,1,1,0,936.1485762228908
Philippines,PHI,1996,0,0,1,64,18,1,2,0,1334.1056562982667
Philippines,PHI,2016,0,0,1,72,13,1,2,0,3038.152045930639
Philippines,PHI,2020,1,1,2,50,27,4,8,0,3224.422811048932
Philippines,PHI,2024,2,2,0,38,22,4,8,0,
Poland,POL,1924,1,0,1,25,100,2,3,0,
Poland,POL,1928,4,2,1,17,146,7,12,0,
Poland,POL,1932,4,3,2,10,71,9,17,0,
Poland,POL,1936,5,0,4,22,177,9,13,0,
Poland,POL,1948,1,1,0,22,52,2,4,0,
Poland,POL,1952,1,1,2,20,248,4,8,0,
Poland,POL,1956,4,1,4,17,118,9,15,0,
Poland,POL,1960,11,4,6,9,307,21,35,0,
Poland,POL,1964,10,7,6,7,240,23,43,0,
Poland,POL,1968,11,5,2,11,296,18,30,0,
Poland,POL,1972,9,7,5,7,418,21,40,0,1049.5932668477817
Poland,POL,1976,13,7,6,6,286,26,46,0,1594.3963079165762
Poland,POL,1980,15,3,14,10,418,32,52,0,1664.0030529824471
Poland,POL,1988,9,2,5,20,192,16,25,0,1880.1632915897824
Poland,POL,1992,10,3,6,19,263,19,31,0,2469.706184043657
Poland,POL,1996,5,7,5,11,207,17,36,0,4171.546056082811
Poland,POL,2000,3,6,5,14,240,14,31,0,4472.743715832529
Poland,POL,2004,5,3,2,23,224,10,18,0,6609.674520704042
Poland,POL,2008,1,3,6,20,316,10,22,0,13851.5039799595
Poland,POL,2012,6,2,2,31,256,10,16,0,12821.213426956836
Poland,POL,2016,6,2,3,33,289,11,18,0,12198.255508035492
Poland,POL,2020,5,4,5,17,282,14,27,0,15598.96623247491
Poland,POL,2024,5,1,4,42,226,10,16,0,
Portugal,POR,1924,1,0,0,30,47,1,1,0,
Portugal,POR,1928,1,0,0,34,39,1,1,0,
Portugal,POR,1936,1,0,0,32,26,1,1,0,
Portugal,POR,1948,1,0,1,27,65,2,3,0,
Portugal,POR,1952,1,0,0,42,155,1,1,0,
Portugal,POR,1960,0,0,1,36,109,1,2,0,
Portugal,POR,1976,0,0,2,31,36,2,4,0,2179.509015108585
Portugal,POR,1984,2,1,0,24,48,3,5,0,2528.1911576994203
Portugal,POR,1988,0,1,0,30,91,1,3,0,5621.314922554848
Portugal,POR,1996,1,1,0,47,131,2,4,0,12157.03024229864
Portugal,POR,2000,2,0,0,70,64,2,2,0,11485.769845669516
Portugal,POR,2004,1,0,2,60,93,3,5,0,18001.458957783394
Portugal,POR,2008,0,1,1,49,87,2,5,0,24794.961682006448
Portugal,POR,2012,0,0,1,74,98,1,2,0,20550.735735668422
Portugal,POR,2016,1,0,0,84,106,1,1,0,19964.28471501194
Portugal,POR,2020,2,1,1,57,113,4,7,0,22240.006840111088
Portugal,POR,2024,1,1,2,51,75,4,8,0,
Qatar,QAT,1992,1,0,0,62,30,1,1,0,16223.779784876597
Qatar,QAT,2000,1,0,0,80,19,1,1,0,27494.77133201862
Qatar,QAT,2012,2,0,0,77,14,2,2,0,98041.36223780102
Qatar,QAT,2016,0,0,1,73,42,1,2,0,58467.23556687428
Qatar,QAT,2020,1,2,0,41,17,3,7,0,52315.66007833315
Qatar,QAT,2024,1,0,0,89,13,1,1,0,
Romania,ROU,1924,1,0,0,31,45,1,1,0,
Romania,ROU,1936,0,0,1,25,118,1,2,0,
Romania,ROU,1952,2,1,1,23,241,4,7,0,
Romania,ROU,1956,5,5,3,9,103,13,26,0,
Romania,ROU,1960,6,3,1,11,156,10,17,0,
Romania,ROU,1964,6,2,4,14,232,12,20,0,
Romania,ROU,1968,5,4,6,12,100,15,29,0,
Romania,ROU,1972,7,3,6,13,258,16,28,0,849.8319433614616
Romania,ROU,1976,14,4,9,9,255,27,44,0,1192.554232274815
Romania,ROU,1980,13,6,6,7,339,25,43,0,1638.3671917224935
Romania,ROU,1984,17,19,16,2,193,52,106,0,1805.584727350368
Romania,ROU,1988,6,7,11,8,172,24,49,0,2794.55117569657
Romania,ROU,1992,8,4,6,14,306,18,32,0,905.917913889184
Romania,ROU,1996,8,4,7,14,284,19,34,0,1647.0117345519814
Romania,ROU,2000,9,11,6,11,252,26,54,0,1699.5414609583986
Romania,ROU,2004,6,8,5,14,193,19,40,0,3521.6572673735022
Romania,ROU,2008,3,4,1,17,172,8,17,0,10405.012728660364
Romania,ROU,2012,2,2,5,27,155,9,18,0,8895.6612184335
Romania,ROU,2016,2,1,1,47,121,4,7,0,9358.985826870468
Romania,ROU,2020,0,1,3,46,119,4,9,0,12928.81004957915
Romania,ROU,2024,2,3,4,22,96,9,19,0,
Russia,RUS,1908,0,1,2,12,7,3,7,0,
Russia,RUS,1912,3,0,2,17,266,5,7,0,
Russia,RUS,1952,19,22,29,2,451,70,143,0,
Russia,RUS,1956,32,37,29,1,411,98,201,0,
Russia,RUS,1960,31,43,29,1,414,103,218,0,
Russia,RUS,1964,33,30,30,2,463,93,183,0,
Russia,RUS,1968,30,29,32,2,471,91,181,0,
Russia,RUS,1972,22,50,27,1,531,99,226,0,
Russia,RUS,1976,35,49,41,1,574,125,264,0,
Russia,RUS,1980,46,80,69,1,660,195,424,1,
Russia,RUS,1988,46,54,31,1,647,131,270,0,
Russia,RUS,1996,16,26,21,2,552,63,136,0,
Russia,RUS,2000,29,32,28,2,602,89,181,0,
Russia,RUS,2004,36,28,26,3,593,90,172,0,
Russia,RUS,2008,28,23,21,3,600,72,139,0,
Russia,RUS,2012,32,24,26,4,549,82,156,0,
Russia,RUS,2016,20,19,17,4,406,56,111,0,
Saint Lucia,LCA,2024,0,1,1,58,4,2,5,0,
San Marino,SMR,2020,2,0,1,72,8,3,4,0,45423.4066965599
Saudi Arabia,KSA,2000,1,0,1,61,23,2,3,0,8795.260596418715
Saudi Arabia,KSA,2012,1,0,0,82,23,1,1,0,24069.20331481133
Saudi Arabia,KSA,2020,0,0,1,78,33,1,2,0,20398.060987371384
Senegal,SEN,1988,0,0,1,43,35,1,2,0,986.2996814951256
Serbia,SRB,2008,2,0,1,63,97,3,4,0,
Serbia,SRB,2012,2,1,1,44,134,4,7,0,
Serbia,SRB,2016,2,2,4,32,127,8,16,0,
Serbia,SRB,2020,5,3,1,28,110,9,16,0,
Serbia,SRB,2024,1,3,1,26,114,5,12,0,
Singapore,SGP,1960,0,0,1,37,5,1,2,0,
Singapore,SGP,2008,0,0,1,75,36,1,2,0,40016.79611301105
Singapore,SGP,2012,2,0,0,78,36,2,2,0,54839.80038646321
Singapore,SGP,2016,0,1,0,58,32,1,3,0,55853.27958280874
Singapore,SGP,2024,1,0,0,90,23,1,1,0,
Slovakia,SVK,1996,1,1,1,44,98,3,6,0,
Slovakia,SVK,2000,1,1,3,39,132,5,10,0,
Slovakia,SVK,2004,2,2,2,30,84,6,12,0,
Slovakia,SVK,2008,1,3,2,26,67,6,14,0,
Slovakia,SVK,2012,3,0,1,59,65,4,5,0,
Slovakia,SVK,2016,0,2,2,37,63,4,10,0,
Slovakia,SVK,2020,1,1,2,51,56,4,8,0,
Slovakia,SVK,2024,1,0,0,91,28,1,1,0,
Slovenia,SLO,1992,2,0,0,53,47,2,2,0,
Slovenia,SLO,1996,0,0,2,56,47,2,4,0,
Slovenia,SLO,2000,0,2,0,36,90,2,6,0,
Slovenia,SLO,2004,3,0,1,63,102,4,5,0,
Slovenia,SLO,2008,2,1,2,41,73,5,9,0,
Slovenia,SLO,2012,2,1,1,43,78,4,7,0,
Slovenia,SLO,2016,1,1,2,45,70,4,8,0,
Slovenia,SLO,2020,1,3,1,31,64,5,12,0,
Slovenia,SLO,2024,0,2,1,34,95,3,8,0,
South Africa,RSA,1908,0,1,1,14,33,2,5,0,
South Africa,RSA,1912,0,4,2,8,56,6,16,0,
South Africa,RSA,1920,3,3,4,11,97,10,20,0,
South Africa,RSA,1924,1,1,1,18,44,3,6,0,
South Africa,RSA,1928,2,1,0,23,40,3,5,0,
South Africa,RSA,1932,3,2,0,15,20,5,9,0,
South Africa,RSA,1936,0,0,1,26,54,1,2,0,
South Africa,RSA,1948,2,2,2,17,43,6,12,0,
South Africa,RSA,1952,4,2,4,12,109,10,18,0,
South Africa,RSA,1956,4,0,0,33,90,4,4,0,
South Africa,RSA,1960,2,0,1,29,72,3,4,0,
South Africa,RSA,1992,0,0,2,43,141,2,4,0,3434.637439280541
South Africa,RSA,1996,1,3,1,27,111,5,12,0,3654.927456300397
South Africa,RSA,2000,3,0,2,56,161,5,7,0,3241.6612401947414
South Africa,RSA,2004,2,1,3,43,128,6,11,0,5268.278983851274
South Africa,RSA,2008,0,0,1,74,179,1,2,0,6251.8771746259945
South Africa,RSA,2012,1,3,2,23,145,6,14,0,8173.8008132353
South Africa,RSA,2016,2,2,6,30,155,10,20,0,5734.750634555236
South Africa,RSA,2020,0,1,2,52,211,3,7,0,5753.0663578979775
South Africa,RSA,2024,2,1,3,45,141,6,11,0,
South Korea,KOR,1948,2,0,0,33,48,2,2,0,
South Korea,KOR,1952,2,0,0,37,22,2,2,0,
South Korea,KOR,1956,1,0,1,30,36,2,3,0,
South Korea,KOR,1964,1,0,2,27,240,3,5,0,
South Korea,KOR,1968,1,0,1,37,66,2,3,0,
South Korea,KOR,1972,0,0,1,34,43,1,2,0,
South Korea,KOR,1976,4,1,1,19,51,6,9,0,
South Korea,KOR,1984,7,6,6,10,240,19,37,0,
South Korea,KOR,1988,11,12,10,4,551,33,67,1,
South Korea,KOR,1992,11,12,5,7,322,28,57,0,
South Korea,KOR,1996,5,7,15,10,417,27,56,0,
South Korea,KOR,2000,10,8,10,12,359,28,54,0,
South Korea,KOR,2004,9,9,12,9,344,30,60,0,
South Korea,KOR,2008,8,13,10,7,329,31,67,0,
South Korea,KOR,2012,7,13,8,5,312,28,62,0,
South Korea,KOR,2016,9,9,3,8,263,21,42,0,
South Korea,KOR,2020,10,6,4,16,338,20,36,0,
South Korea,KOR,2024,10,13,9,8,147,32,67,0,
Spain,ESP,1900,0,1,0,15,12,1,3,0,
Spain,ESP,1920,0,0,2,17,111,2,4,0,
Spain,ESP,1928,0,1,0,24,106,1,3,0,
Spain,ESP,1932,1,0,0,27,8,1,1,0,
Spain,ESP,1948,0,0,1,30,84,1,2,0,
Spain,ESP,1952,0,0,1,34,42,1,2,0,
Spain,ESP,1960,1,0,0,41,238,1,1,0,
Spain,ESP,1972,1,0,0,43,162,1,1,0,1713.322906387448
Spain,ESP,1976,0,0,2,30,160,2,4,0,3279.2428517202047
Spain,ESP,1980,2,1,3,20,211,6,11,0,6207.959142621402
Spain,ESP,1984,2,1,2,20,257,5,9,0,4490.07258548397
Spain,ESP,1988,2,1,1,25,317,4,7,0,9699.42559907128
Spain,ESP,1992,2,13,7,6,537,22,55,1,16093.592804920325
Spain,ESP,1996,6,5,6,13,384,17,33,0,16067.166142186825
Spain,ESP,2000,5,3,3,25,431,11,20,0,14650.294621859975
Spain,ESP,2004,6,3,11,20,423,20,37,0,24840.50374346925
Spain,ESP,2008,3,5,10,14,355,18,38,0,35358.00426802263
Spain,ESP,2012,4,3,10,21,339,17,33,0,28334.84883325939
Spain,ESP,2016,6,7,4,14,363,17,35,0,26525.277685734483
Spain,ESP,2020,6,3,8,22,429,17,31,0,26985.349126929133
Spain,ESP,2024,9,5,4,15,401,18,32,0,
Sri Lanka,SRI,1948,0,0,1,31,10,1,2,0,
Sri Lanka,SRI,2000,0,0,1,65,24,1,2,0,1018.929401124526
Sudan,SUD,2008,0,0,1,76,9,1,2,0,
Suriname,SUR,1988,0,1,0,31,10,1,3,0,3955.228964930761
Suriname,SUR,1992,1,0,0,63,9,1,1,0,1954.1280445719383
Sweden,SWE,1900,1,1,0,14,27,2,4,0,
Sweden,SWE,1908,11,8,6,3,276,25,47,0,
Sweden,SWE,1912,17,24,24,2,714,65,137,1,
Sweden,SWE,1920,25,19,20,2,404,64,122,0,
Sweden,SWE,1924,12,4,13,8,256,29,50,0,
Sweden,SWE,1928,12,7,6,6,139,25,45,0,
Sweden,SWE,1932,9,10,5,4,128,24,49,0,
Sweden,SWE,1936,10,6,5,7,231,21,38,0,
Sweden,SWE,1948,18,17,11,2,223,46,91,0,
Sweden,SWE,1952,10,12,13,4,355,35,72,0,
Sweden,SWE,1956,6,8,5,6,186,19,40,1,
Sweden,SWE,1960,3,1,2,16,258,6,10,0,
Sweden,SWE,1964,4,2,2,17,175,8,14,0,
Sweden,SWE,1968,1,2,1,20,186,4,9,0,
Sweden,SWE,1972,6,4,6,11,186,16,30,0,6030.510860200303
Sweden,SWE,1976,0,4,1,12,163,5,14,0,10835.733822268268
Sweden,SWE,1980,6,3,3,11,201,12,21,0,17095.39939797435
Sweden,SWE,1984,6,2,11,16,254,19,34,0,13044.747295697704
Sweden,SWE,1988,7,0,4,32,251,11,15,0,24443.19967837315
Sweden,SWE,1992,4,1,7,27,252,12,21,0,32906.31223788982
Sweden,SWE,1996,2,2,4,29,233,8,16,0,33207.664018760384
Sweden,SWE,2000,3,4,5,18,198,12,25,0,29628.329765347506
Sweden,SWE,2004,1,4,2,19,157,7,17,0,42770.71245144029
Sweden,SWE,2008,1,0,4,56,169,5,9,0,56093.94443574221
Sweden,SWE,2012,3,1,4,37,168,8,14,0,57815.45404810644
Sweden,SWE,2016,3,2,6,29,186,11,21,0,51807.31925543484
Sweden,SWE,2020,0,3,6,23,173,9,21,0,52758.781922858085
Sweden,SWE,2024,3,4,4,16,125,11,23,0,
Switzerland,SUI,1896,0,1,2,10,8,3,7,0,
Switzerland,SUI,1900,1,6,2,5,52,9,23,0,
Switzerland,SUI,1904,2,1,0,9,7,3,5,0,
Switzerland,SUI,1912,0,1,0,16,7,1,3,0,
Switzerland,SUI,1920,7,2,2,13,126,11,17,0,
Switzerland,SUI,1924,10,7,8,6,262,25,47,0,
Switzerland,SUI,1928,4,7,6,8,236,17,37,0,
Switzerland,SUI,1932,0,0,1,24,9,1,2,0,
Switzerland,SUI,1936,5,4,9,11,328,18,35,0,
Switzerland,SUI,1948,5,5,12,9,287,22,44,0,
Switzerland,SUI,1952,6,2,6,11,251,14,24,0,
Switzerland,SUI,1956,1,0,0,37,18,1,1,0,
Switzerland,SUI,1960,3,0,3,24,221,6,9,0,
Switzerland,SUI,1964,1,1,2,23,129,4,8,0,
Switzerland,SUI,1968,4,0,1,33,155,5,6,0,
Switzerland,SUI,1972,0,0,3,26,265,3,6,0,5884.667123463056
Switzerland,SUI,1976,2,1,1,20,101,4,7,0,10865.531447272322
Switzerland,SUI,1980,0,2,0,19,86,2,6,0,19394.68948540961
Switzerland,SUI,1984,4,0,4,26,245,8,12,0,16992.463741346288
Switzerland,SUI,1988,2,0,2,33,151,4,6,0,32693.975673741606
Switzerland,SUI,1992,0,1,0,37,171,1,3,0,40726.10016417423
Switzerland,SUI,1996,0,4,3,18,172,7,18,0,48106.94101326774
Switzerland,SUI,2000,2,1,6,37,138,9,17,0,38875.89998253552
Switzerland,SUI,2004,3,1,1,47,138,5,8,0,54722.392815424886
Switzerland,SUI,2008,4,2,1,33,116,7,12,0,74267.03536360945
Switzerland,SUI,2012,0,2,2,33,126,4,10,0,85848.2633570522
Switzerland,SUI,2016,2,3,2,24,152,7,15,0,82157.39173016479
Switzerland,SUI,2020,6,3,4,24,196,13,23,0,85893.3495464639
Switzerland,SUI,2024,4,1,2,49,137,7,11,0,
Syria,SYR,1984,0,0,1,38,9,1,2,0,
Syria,SYR,1996,0,1,0,53,8,1,3,0,
Syria,SYR,2004,1,0,0,73,6,1,1,0,
Syria,SYR,2020,1,0,0,93,6,1,1,0,
Taiwan,TPE,1960,0,0,1,38,31,1,2,0,
Taiwan,TPE,1968,1,0,0,44,93,1,1,0,
Taiwan,TPE,1984,1,0,0,46,52,1,1,0,
Taiwan,TPE,1992,0,0,1,51,38,1,2,0,
Taiwan,TPE,1996,0,0,1,66,107,1,2,0,
Taiwan,TPE,2000,4,0,1,59,75,5,6,0,
Taiwan,TPE,2004,1,2,2,31,104,5,11,0,
Taiwan,TPE,2008,4,0,0,79,92,4,4,0,
Taiwan,TPE,2012,1,0,1,68,55,2,3,0,
Taiwan,TPE,2016,2,1,0,50,67,3,5,0,
Taiwan,TPE,2020,6,2,4,34,117,12,20,0,
Taiwan,TPE,2024,5,2,0,35,60,7,11,0,
Tajikistan,TJK,2008,1,0,1,69,16,2,3,0,
Tajikistan,TJK,2012,1,0,0,85,16,1,1,0,
Tajikistan,TJK,2016,0,1,0,59,7,1,3,0,
Tajikistan,TJK,2024,3,0,0,80,14,3,3,0,
Tanzania,TAN,1980,0,0,2,28,48,2,4,0,
Thailand,THA,1976,1,0,0,41,62,1,1,0,422.8281564755456
Thailand,THA,1984,0,0,1,39,40,1,2,0,872.6459062837915
Thailand,THA,1988,1,0,0,52,15,1,1,0,1196.5022781242149
Thailand,THA,1992,1,0,0,64,64,1,1,0,2029.8430988785092
Thailand,THA,1996,1,1,0,48,58,2,4,0,3039.892155981312
Thailand,THA,2000,2,1,0,48,68,3,5,0,2004.1070422559649
Thailand,THA,2004,4,3,1,25,51,8,15,0,2647.259976735922
Thailand,THA,2008,0,2,2,32,53,4,10,0,4327.797517011968
Thailand,THA,2012,1,0,2,57,43,3,5,0,5748.636038668049
Thailand,THA,2016,2,2,2,36,58,6,12,0,5854.462648662055
Thailand,THA,2020,1,1,0,62,48,2,4,0,7001.787200877773
Thailand,THA,2024,2,1,3,46,52,6,11,0,
Togo,TOG,2008,1,0,0,85,4,1,1,0,732.8890046006417
Trinidad and Tobago,TTO,1948,0,0,1,32,9,1,2,0,
Trinidad and Tobago,TTO,1952,2,0,0,38,2,2,2,0,
Trinidad and Tobago,TTO,1964,2,0,1,28,18,3,4,0,
Trinidad and Tobago,TTO,1976,0,1,0,26,20,1,3,0,2472.205469417869
Trinidad and Tobago,TTO,1996,2,0,0,70,16,2,2,0,4628.813177512589
Trinidad and Tobago,TTO,2000,1,0,1,63,29,2,3,0,6461.061372344255
Trinidad and Tobago,TTO,2004,1,0,0,74,26,1,1,0,10325.459432040434
Trinidad and Tobago,TTO,2008,0,1,1,50,35,2,5,0,21232.18609679145
Trinidad and Tobago,TTO,2012,2,1,1,45,38,4,7,0,19110.046005651035
Trinidad and Tobago,TTO,2016,1,0,0,85,43,1,1,0,16145.23600554748
Tunisia,TUN,1964,1,0,1,29,12,2,3,0,
Tunisia,TUN,1968,1,1,0,28,8,2,4,0,
Tunisia,TUN,1972,0,0,1,39,37,1,2,0,461.7593222297924
Tunisia,TUN,1996,1,0,0,78,52,1,1,0,2280.29001241013
Tunisia,TUN,2008,0,1,0,55,29,1,3,0,4200.173780157428
Tunisia,TUN,2012,1,1,1,46,87,3,6,0,4126.678134408134
Tunisia,TUN,2016,3,0,0,76,65,3,3,0,3796.109010860932
Tunisia,TUN,2020,0,1,1,58,73,2,5,0,3497.7342105709145
Tunisia,TUN,2024,1,1,1,55,26,3,6,0,
Turkey,TUR,1936,1,1,0,19,62,2,4,0,
Turkey,TUR,1948,2,6,4,7,87,12,28,0,
Turkey,TUR,1952,1,2,0,16,58,3,7,0,
Turkey,TUR,1956,2,3,2,12,28,7,15,0,
Turkey,TUR,1960,0,7,2,6,58,9,25,0,
Turkey,TUR,1964,1,2,3,16,25,6,13,0,
Turkey,TUR,1968,0,2,0,21,30,2,6,0,
Turkey,TUR,1972,0,0,1,40,50,1,2,0,
Turkey,TUR,1984,3,0,0,40,62,3,3,0,
Turkey,TUR,1988,0,1,1,27,51,2,5,0,
Turkey,TUR,1992,2,2,2,23,54,6,12,0,
Turkey,TUR,1996,1,4,1,20,61,6,15,0,
Turkey,TUR,2000,2,3,0,26,67,5,11,0,
Turkey,TUR,2004,5,3,3,22,74,11,20,0,
Turkey,TUR,2008,3,1,3,37,71,7,12,0,
Turkey,TUR,2012,1,2,2,32,119,5,11,0,
Turkey,TUR,2016,4,1,3,41,119,8,13,0,
Turkey,TUR,2020,9,2,2,35,139,13,19,0,
Turkey,TUR,2024,5,0,3,65,101,8,11,0,
Turkmenistan,TKM,2020,0,0,1,82,10,1,2,0,
Uganda,UGA,1968,1,0,1,38,14,2,3,0,
Uganda,UGA,1972,0,1,1,24,35,2,5,0,157.23892678355338
Uganda,UGA,1980,0,0,1,32,16,1,2,0,244.3504760545818
Uganda,UGA,1996,1,0,0,79,12,1,1,0,340.9040282864823
Uganda,UGA,2012,0,1,0,53,16,1,3,0,899.6116677881796
Uganda,UGA,2020,1,2,1,37,28,4,9,0,857.1360264130907
Uganda,UGA,2024,0,1,1,59,25,2,5,0,
Ukraine,UKR,1996,12,9,2,9,351,23,43,0,
Ukraine,UKR,2000,10,3,10,21,368,23,39,0,
Ukraine,UKR,2004,9,8,5,13,357,22,43,0,
Ukraine,UKR,2008,15,7,5,11,327,27,46,0,
Ukraine,UKR,2012,9,6,5,14,304,20,37,0,
Ukraine,UKR,2016,4,2,5,31,272,11,20,0,
Ukraine,UKR,2020,12,1,6,44,225,19,27,0,
Ukraine,UKR,2024,4,3,5,21,141,12,23,0,
United Arab Emirates,UAE,2004,0,1,0,56,5,1,3,0,37501.46336394305
United Arab Emirates,UAE,2016,1,0,0,86,12,1,1,0,41054.539569924375
United Kingdom,GBR,1896,3,3,3,5,25,9,18,0,
United Kingdom,GBR,1900,12,19,11,3,146,42,91,0,
United Kingdom,GBR,1904,0,1,1,8,6,2,5,0,
United Kingdom,GBR,1908,37,56,50,1,972,143,305,1,
United Kingdom,GBR,1912,16,10,15,3,461,41,76,0,
United Kingdom,GBR,1920,13,14,16,5,345,43,87,0,
United Kingdom,GBR,1924,12,9,14,4,428,35,67,0,
United Kingdom,GBR,1928,7,4,11,10,354,22,41,0,
United Kingdom,GBR,1932,5,5,7,9,170,17,34,0,
United Kingdom,GBR,1936,3,4,7,12,250,14,29,0,
United Kingdom,GBR,1948,7,4,16,12,590,27,51,1,
United Kingdom,GBR,1952,8,1,2,18,401,11,15,0,
United Kingdom,GBR,1956,11,6,7,8,283,24,43,0,
United Kingdom,GBR,1960,12,2,6,12,389,20,30,0,
United Kingdom,GBR,1964,2,4,12,10,301,18,38,0,
United Kingdom,GBR,1968,3,5,5,10,328,13,28,0,
United Kingdom,GBR,1972,9,4,5,12,433,18,31,0,3032.058956596306
United Kingdom,GBR,1976,5,3,5,13,353,13,24,0,4134.324268050194
United Kingdom,GBR,1980,9,5,7,9,328,21,38,0,10030.021429198949
United Kingdom,GBR,1984,21,5,11,11,509,37,58,0,8157.985816502993
United Kingdom,GBR,1988,9,5,10,12,472,24,44,0,15981.188981022971
United Kingdom,GBR,1992,12,5,3,13,512,20,33,0,20513.45166362535
United Kingdom,GBR,1996,6,1,8,36,391,15,25,0,24445.125541042875
United Kingdom,GBR,2000,7,11,10,10,415,28,60,0,28300.01631754516
United Kingdom,GBR,2004,12,9,9,10,360,30,57,0,40363.02033131539
United Kingdom,GBR,2008,16,19,13,4,420,48,99,0,47448.8411973241
United Kingdom,GBR,2012,19,29,17,3,684,65,140,1,42425.07026687174
United Kingdom,GBR,2016,17,27,23,2,478,67,144,0,40958.01161256954
United Kingdom,GBR,2020,22,22,21,4,548,65,130,0,40230.05895175767
United Kingdom,GBR,2024,28,13,22,6,343,63,111,0,
United States,USA,1896,2,11,6,1,27,19,47,0,
United States,USA,1900,17,21,16,2,135,54,112,0,
United States,USA,1904,75,76,79,1,1109,230,461,1,
United States,USA,1908,12,22,12,2,219,46,102,0,
United States,USA,1912,19,26,18,1,364,63,133,0,
United States,USA,1920,27,41,27,1,473,95,204,0,
United States,USA,1924,27,45,27,1,459,99,216,0,
United States,USA,1928,16,22,18,1,426,56,118,0,
United States,USA,1932,30,44,36,1,743,110,234,1,
United States,USA,1936,12,24,21,2,487,57,126,0,
United States,USA,1948,19,38,27,1,424,84,187,0,
United States,USA,1952,17,40,19,1,451,76,175,0,
United States,USA,1956,17,32,25,2,443,74,163,0,
United States,USA,1960,16,34,21,2,428,71,160,0,
United States,USA,1964,28,36,26,1,492,90,188,0,
United States,USA,1968,34,45,28,1,529,107,225,0,
United States,USA,1972,30,33,31,2,578,94,191,0,6232.313554983549
United States,USA,1976,25,34,35,3,554,94,197,0,8784.225661119874
United States,USA,1984,30,82,61,1,693,173,398,1,17346.2109717954
United States,USA,1988,27,36,31,3,715,94,197,0,21612.46954004876
United States,USA,1992,37,37,34,2,734,108,216,0,25552.339914790904
United States,USA,1996,25,44,32,1,839,101,221,1,30013.35241265917
United States,USA,2000,31,36,24,1,764,91,187,0,36299.590967452335
United States,USA,2004,26,36,39,1,726,101,212,0,41562.45587546922
United States,USA,2008,35,36,39,2,763,110,221,0,48315.69488677453
United States,USA,2012,29,46,28,1,689,103,223,0,51330.90854845984
United States,USA,2016,38,46,37,1,719,121,250,0,57470.39705651228
United States,USA,2020,33,35,41,2,856,109,220,0,63472.265479110094
United States,USA,2024,39,37,42,2,619,118,234,0,
Uruguay,URU,1924,0,1,0,21,40,1,3,0,
Uruguay,URU,1928,0,1,0,29,17,1,3,0,
Uruguay,URU,1932,1,0,0,28,6,1,1,0,
Uruguay,URU,1948,1,0,1,28,79,2,3,0,
Uruguay,URU,1952,2,0,0,39,42,2,2,0,
Uruguay,URU,1956,1,0,0,38,29,1,1,0,
Uruguay,URU,1964,1,0,0,41,29,1,1,0,
Uruguay,URU,2000,0,0,1,66,17,1,2,0,6932.471649839925
Uzbekistan,UZB,1996,1,0,1,60,95,2,3,0,
Uzbekistan,UZB,2000,2,1,1,43,85,4,7,0,
Uzbekistan,UZB,2004,2,2,1,36,79,5,10,0,
Uzbekistan,UZB,2008,3,1,2,40,69,6,10,0,
Uzbekistan,UZB,2012,2,1,0,48,56,3,5,0,
Uzbekistan,UZB,2016,7,4,2,21,80,13,23,0,
Uzbekistan,UZB,2020,2,3,0,32,85,5,11,0,
Uzbekistan,UZB,2024,3,8,2,13,88,13,31,0,
Venezuela,VEN,1952,1,0,0,43,63,1,1,0,
Venezuela,VEN,1960,1,0,0,44,54,1,1,0,
Venezuela,VEN,1968,0,1,0,30,30,1,3,0,
Venezuela,VEN,1976,0,0,1,35,56,1,2,0,
Venezuela,VEN,1980,0,0,1,33,43,1,2,0,
Venezuela,VEN,1984,3,0,0,41,44,3,3,0,
Venezuela,VEN,2004,2,0,0,70,53,2,2,0,
Venezuela,VEN,2008,1,0,0,86,126,1,1,0,
Venezuela,VEN,2012,0,1,0,54,85,1,3,0,
Venezuela,VEN,2016,2,0,1,66,105,3,4,0,
Venezuela,VEN,2020,0,1,3,47,47,4,9,0,
Vietnam,VIE,2000,0,0,1,67,7,1,2,0,
Vietnam,VIE,2008,0,0,1,77,18,1,2,0,
Vietnam,VIE,2016,0,1,1,49,28,2,5,0,
Zambia,ZAM,1984,1,0,0,47,18,1,1,0,492.2965417201958
Zambia,ZAM,1996,0,0,1,67,8,1,2,0,404.0920234428049
Zambia,ZAM,2024,1,0,0,92,31,1,1,0,
Zimbabwe,ZIM,1980,0,1,0,25,52,1,3,0,1171.2720248411115
Zimbabwe,ZIM,2004,1,1,1,49,14,3,6,0,609.84669984025
Zimbabwe,ZIM,2008,0,1,3,38,16,4,9,0,505.8171489601045
Bohemia,BOH,1900,2,0,1,22,9,3,4,0,
Bohemia,BOH,1908,2,0,0,17,41,2,2,0,
Australasia,ANZ,1908,2,1,2,11,48,5,9,0,
Australasia,ANZ,1912,3,2,2,12,38,7,13,0,
Czechoslovakia,TCH,1920,2,0,0,21,182,2,2,0,
Czechoslovakia,TCH,1924,5,1,4,15,242,10,16,0,
Czechoslovakia,TCH,1928,2,2,5,15,147,9,18,0,
Czechoslovakia,TCH,1932,2,1,3,17,44,6,11,0,
Czechoslovakia,TCH,1936,1,3,5,13,293,9,20,0,
Czechoslovakia,TCH,1948,3,6,2,8,153,11,25,0,
Czechoslovakia,TCH,1952,3,7,3,6,218,13,30,0,
Czechoslovakia,TCH,1956,1,1,4,18,161,6,12,0,
Czechoslovakia,TCH,1960,3,3,2,10,202,8,16,0,
Czechoslovakia,TCH,1964,3,5,6,9,187,14,30,0,
Czechoslovakia,TCH,1968,4,7,2,7,203,13,29,0,
Czechoslovakia,TCH,1972,2,2,4,18,274,8,16,0,
Czechoslovakia,TCH,1976,4,2,2,17,251,8,14,0,
Czechoslovakia,TCH,1980,9,2,3,13,317,14,21,0,
Czechoslovakia,TCH,1988,2,3,3,17,226,8,17,0,
Czechoslovakia,TCH,1992,1,4,2,15,269,7,17,0,
Yugoslavia,YUG,1924,0,2,0,14,116,2,6,0,
Yugoslavia,YUG,1928,3,1,1,22,86,5,8,0,
Yugoslavia,YUG,1936,0,0,1,27,173,1,2,0,
Yugoslavia,YUG,1948,0,0,2,26,162,2,4,0,
Yugoslavia,YUG,1952,0,1,2,22,194,3,7,0,
Yugoslavia,YUG,1956,0,0,3,26,37,3,6,0,
Yugoslavia,YUG,1960,0,1,1,19,185,2,5,0,
Yugoslavia,YUG,1964,2,2,1,19,123,5,10,0,
Yugoslavia,YUG,1968,2,3,3,16,130,8,17,0,
Yugoslavia,YUG,1972,2,2,1,20,212,5,10,0,
Yugoslavia,YUG,1976,3,2,3,16,95,8,15,0,
Yugoslavia,YUG,1980,4,2,3,14,180,9,16,0,
Yugoslavia,YUG,1984,7,7,4,9,154,18,36,0,
Yugoslavia,YUG,1988,5,3,4,16,183,12,22,0,
DPR Korea,PRK,1972,3,1,1,22,83,5,8,0,
DPR Korea,PRK,1976,0,1,1,23,40,2,5,0,
DPR Korea,PRK,1980,2,0,3,26,121,5,8,0,
DPR Korea,PRK,1992,5,4,0,16,123,9,17,0,
DPR Korea,PRK,1996,2,2,1,33,36,5,10,0,
DPR Korea,PRK,2000,3,0,1,60,47,4,5,0,
DPR Korea,PRK,2004,1,0,4,57,71,5,9,0,
DPR Korea,PRK,2008,3,2,1,34,66,6,11,0,
DPR Korea,PRK,2012,2,4,0,20,57,6,14,0,
DPR Korea,PRK,2016,2,2,3,34,38,7,14,0,
DPR Korea,PRK,2024,4,0,2,70,14,6,8,0,
Kosovo,KOS,2016,0,1,0,56,8,1,3,0,
Kosovo,KOS,2020,0,2,0,43,11,2,6,0,
Kosovo,KOS,2024,1,0,1,74,9,2,3,0,
Puerto Rico,PUR,1948,1,0,0,38,9,1,1,0,
Puerto Rico,PUR,1976,1,0,0,40,112,1,1,0,3011.1555172464027
Puerto Rico,PUR,1984,1,0,1,32,58,2,3,0,5758.674931033144
Puerto Rico,PUR,1992,1,0,0,61,101,1,1,0,9720.54921415955
Puerto Rico,PUR,1996,1,0,0,77,91,1,1,0,12317.33543889578
Puerto Rico,PUR,2012,1,0,1,67,28,2,3,0,27765.20863381728
Puerto Rico,PUR,2016,0,1,0,57,41,1,3,0,30394.58275313598
Puerto Rico,PUR,2020,0,1,0,65,39,1,3,0,31523.42427047125
Puerto Rico,PUR,2024,2,0,0,84,51,2,2,0,
United Arab Republic,UAR,1960,1,0,1,31,123,2,3,0,
West Indies Federation,WIF,1960,2,0,0,40,20,2,2,0,
Cote dIvoire,CIV,1984,0,0,1,33,18,1,2,0,
Cote dIvoire,CIV,2016,1,1,0,52,15,2,4,0,
Cote dIvoire,CIV,2020,1,0,0,88,32,1,1,0,
Cote dIvoire,CIV,2024,1,0,0,85,13,1,1,0,
West Germany,FRG,1968,10,5,11,8,432,26,47,0,
West Germany,FRG,1972,16,13,11,4,587,40,77,1,
West Germany,FRG,1976,17,10,12,4,452,39,71,0,
West Germany,FRG,1984,23,17,19,3,571,59,112,0,
West Germany,FRG,1988,15,11,14,5,516,40,76,0,
East Germany,GDR,1968,7,9,9,5,346,25,52,0,
East Germany,GDR,1972,23,20,23,3,454,66,129,0,
East Germany,GDR,1976,25,40,25,2,407,90,195,0,
East Germany,GDR,1980,42,47,37,2,495,126,257,0,
East Germany,GDR,1988,30,37,35,2,402,102,211,0,
Bermuda,BER,1976,1,0,0,38,20,1,1,0,10316.059272489816
Bermuda,BER,2020,0,1,0,63,2,1,3,0,107559.61955927598
Netherlands Antilles,AHO,1988,0,0,1,36,4,1,2,0,
Virgin Islands,ISV,1988,0,0,1,41,46,1,2,0,
Unified Team,EUN,1992,29,45,38,1,650,112,240,0,
Individual Olympic Athletes,IOA,1992,2,0,1,46,76,3,4,0,
Individual Olympic Athletes,IOA,2016,1,1,0,53,9,2,4,0,
Serbia and Montenegro,SCG,1996,2,1,1,42,79,4,7,0,
Serbia and Montenegro,SCG,2000,1,1,1,45,125,3,6,0,
Serbia and Montenegro,SCG,2004,0,0,2,62,96,2,4,0,
Tonga,TGA,1996,0,0,1,65,5,1,2,0,2216.5490573286165
Hong Kong,HKG,1996,0,1,0,52,32,1,3,0,
Hong Kong,HKG,2004,0,0,1,65,42,1,2,0,
Hong Kong,HKG,2012,1,0,0,81,55,1,1,0,
Hong Kong,HKG,2020,3,1,2,49,65,6,10,0,
Hong Kong,HKG,2024,2,2,0,37,34,4,8,0,
Russian Olympic Committee,ROC,2020,23,20,25,5,561,68,133,0,
Refugee Olympic Team,EOR,2024,1,0,0,87,37,1,1,0,
Individual Neutral Athletes,AIN,2024,1,1,3,47,32,5,10,0,
